Current and historic data are continuously added to St. Johns River Water Management District's database; 
subsequent reviews may reflect additions or revisions to the data. SJRWMD provides no warranty as to the 
accuracy reliability or completeness of these data. Further information can be obtained by 
contacting St. Johns River Water Management District.


Station,Point_Location_Description,Parameter,Unit_of_Measure,STORET_Number,Sample_Collection_Date_and_Time,Measured_Value,Data_Qualifier_Code,Sample_Type,MDL,PQL,Method_Description,Matrix,Major_Class_Description,Minor_Class_Description,Sample_Collection_Organization,Vendor_name,Sample_Comments,Analyte_Comments
NCBMOSES,"Moses Creek on west side of US1 (upstm side)","TSS",mg/L,530,10/02/2008 07:45,5,T,GRAB,5,5,"160.2",WATER,Ambient,None,BCI,"Columbia Analytical Services Inc. (CAPO)(CAS)","",""
NCBMOSES,"Moses Creek on west side of US1 (upstm side)","Turbidity",ntu,82079,10/02/2008 07:45,3.7,,GRAB,.5,1.5,"EPA180.1 R2.0 1993",WATER,Ambient,None,BCI,"SJRWMD Laboratory Services","",""
NCBMOSES,"Moses Creek on west side of US1 (upstm side)","TSS",mg/L,530,11/04/2008 12:00,15.3,,GRAB,5,5,"160.2",WATER,Ambient,None,BCI,"Columbia Analytical Services Inc. (CAPO)(CAS)","",""
NCBMOSES,"Moses Creek on west side of US1 (upstm side)","Turbidity",ntu,82079,11/04/2008 12:00,2.2,,GRAB,.5,1.5,"EPA180.1 R2.0 1993",WATER,Ambient,None,BCI,"SJRWMD Laboratory Services","",""
NCBMOSES,"Moses Creek on west side of US1 (upstm side)","TSS",mg/L,530,12/01/2008 10:10,5,T,GRAB,5,5,"160.2",WATER,Ambient,None,BCI,"Columbia Analytical Services Inc. (CAPO)(CAS)","",""
NCBMOSES,"Moses Creek on west side of US1 (upstm side)","Turbidity",ntu,82079,12/01/2008 10:10,2.09,,GRAB,.5,1.5,"EPA180.1 R2.0 1993",WATER,Ambient,None,BCI,"SJRWMD Laboratory Services","",""
NCBMOSES,"Moses Creek on west side of US1 (upstm side)","Secchi",m,78,01/07/2009 08:25,.5,L,GRAB,,,"DISTRICT FIELD SOP",FIELD DATA,Ambient,None,BCI,"SJRWMD Field Data","","Secchi on Bottom : SR 2-3-2011; Changed Analysis Method from NULL to DISTRICT FIELD SOP for STORET."
NCBMOSES,"Moses Creek on west side of US1 (upstm side)","TSS",mg/L,530,01/07/2009 08:25,5,T,GRAB,5,5,"160.2",WATER,Ambient,None,BCI,"Columbia Analytical Services Inc. (CAPO)(CAS)","",""
NCBMOSES,"Moses Creek on west side of US1 (upstm side)","Turbidity",ntu,82079,01/07/2009 08:25,2.1,,GRAB,.5,1.5,"EPA180.1 R2.0 1993",WATER,Ambient,None,BCI,"SJRWMD Laboratory Services","",""
NCBMOSES,"Moses Creek on west side of US1 (upstm side)","Secchi",m,78,02/02/2009 09:45,.5,L,GRAB,,,"DISTRICT FIELD SOP",FIELD DATA,Ambient,None,BCI,"SJRWMD Field Data","","Secchi on Bottom : SR 2-3-2011; Changed Analysis Method from NULL to DISTRICT FIELD SOP for STORET."
NCBMOSES,"Moses Creek on west side of US1 (upstm side)","TSS",mg/L,530,02/02/2009 09:45,5,QT,GRAB,5,5,"160.2",WATER,Ambient,None,BCI,"Columbia Analytical Services Inc. (CAPO)(CAS)","",""
NCBMOSES,"Moses Creek on west side of US1 (upstm side)","Turbidity",ntu,82079,02/02/2009 09:45,2.4,,GRAB,.5,1.5,"EPA180.1 R2.0 1993",WATER,Ambient,None,BCI,"SJRWMD Laboratory Services","",""
NCBMOSES,"Moses Creek on west side of US1 (upstm side)","Secchi",m,78,03/11/2009 08:00,.4,L,GRAB,,,"DISTRICT FIELD SOP",FIELD DATA,Ambient,None,BCI,"SJRWMD Field Data","","Secchi on Bottom : SR 2-3-2011; Changed Analysis Method from NULL to DISTRICT FIELD SOP for STORET."
NCBMOSES,"Moses Creek on west side of US1 (upstm side)","TSS",mg/L,530,03/11/2009 08:00,5.5,,GRAB,5,5,"160.2",WATER,Ambient,None,BCI,"Columbia Analytical Services Inc. (CAPO)(CAS)","",""
NCBMOSES,"Moses Creek on west side of US1 (upstm side)","Turbidity",ntu,82079,03/11/2009 08:00,2.8,,GRAB,.5,1.5,"EPA180.1 R2.0 1993",WATER,Ambient,None,BCI,"SJRWMD Laboratory Services","",""
NCBMOSES,"Moses Creek on west side of US1 (upstm side)","Secchi",m,78,04/02/2009 09:50,.5,L,GRAB,,,"DISTRICT FIELD SOP",FIELD DATA,Ambient,None,BCI,"SJRWMD Field Data","","Secchi on Bottom : SR 2-3-2011; Changed Analysis Method from NULL to DISTRICT FIELD SOP for STORET."
NCBMOSES,"Moses Creek on west side of US1 (upstm side)","TSS",mg/L,530,04/02/2009 09:50,5,T,GRAB,5,5,"160.2",WATER,Ambient,None,BCI,"Columbia Analytical Services Inc. (CAPO)(CAS)","",""
NCBMOSES,"Moses Creek on west side of US1 (upstm side)","Turbidity",ntu,82079,04/02/2009 09:50,2.7,,GRAB,.5,1.5,"EPA180.1 R2.0 1993",WATER,Ambient,None,BCI,"SJRWMD Laboratory Services","",""
NCBMOSES,"Moses Creek on west side of US1 (upstm side)","Secchi",m,78,05/04/2009 11:00,.4,L,GRAB,,,"DISTRICT FIELD SOP",FIELD DATA,Ambient,None,BCI,"SJRWMD Field Data","","Secchi on Bottom : SR 2-3-2011; Changed Analysis Method from NULL to DISTRICT FIELD SOP for STORET."
NCBMOSES,"Moses Creek on west side of US1 (upstm side)","TSS",mg/L,530,05/04/2009 11:00,5,T,GRAB,5,5,"160.2",WATER,Ambient,None,BCI,"Columbia Analytical Services Inc. (CAPO)(CAS)","",""
NCBMOSES,"Moses Creek on west side of US1 (upstm side)","Turbidity",ntu,82079,05/04/2009 11:00,3.1,,GRAB,.5,1.5,"EPA180.1 R2.0 1993",WATER,Ambient,None,BCI,"SJRWMD Laboratory Services","",""
NCBMOSES,"Moses Creek on west side of US1 (upstm side)","TSS",mg/L,530,06/01/2009 10:00,5,T,GRAB,5,5,"160.2",WATER,Ambient,None,BCI,"Columbia Analytical Services Inc. (CAPO)(CAS)","",""
NCBMOSES,"Moses Creek on west side of US1 (upstm side)","Turbidity",ntu,82079,06/01/2009 10:00,2.3,,GRAB,.5,1.5,"EPA180.1 R2.0 1993",WATER,Ambient,None,BCI,"SJRWMD Laboratory Services","",""
NCBMOSES,"Moses Creek on west side of US1 (upstm side)","TSS",mg/L,530,07/06/2009 09:50,5,T,GRAB,5,5,"160.2",WATER,Ambient,None,BCI,"Columbia Analytical Services Inc. (CAPO)(CAS)","stage rusted out.",""
NCBMOSES,"Moses Creek on west side of US1 (upstm side)","Turbidity",ntu,82079,07/06/2009 09:50,2.1,,GRAB,.5,1.5,"EPA180.1 R2.0 1993",WATER,Ambient,None,BCI,"SJRWMD Laboratory Services","stage rusted out.",""
NCBMOSES,"Moses Creek on west side of US1 (upstm side)","TSS",mg/L,530,08/05/2009 07:30,5.5,,GRAB,5,5,"160.2",WATER,Ambient,None,BCI,"Columbia Analytical Services Inc. (CAPO)(CAS)","ja 8/5/2009 delivered directly from field cooling process had begun",""
NCBMOSES,"Moses Creek on west side of US1 (upstm side)","Turbidity",ntu,82079,08/05/2009 07:30,4.9,,GRAB,.5,1.5,"EPA180.1 R2.0 1993",WATER,Ambient,None,BCI,"SJRWMD Laboratory Services","ja 8/5/2009 delivered directly from field cooling process had begun",""
NCBMOSES,"Moses Creek on west side of US1 (upstm side)","TSS",mg/L,530,09/01/2009 12:00,7,I,GRAB,5,20,"EPA 160.2",WATER,Ambient,None,BCI,"Advanced Environmental Laboratories (AEL)","",""
NCBMOSES,"Moses Creek on west side of US1 (upstm side)","Turbidity",ntu,82079,09/01/2009 12:00,5.7,,GRAB,.5,1.5,"EPA180.1 R2.0 1993",WATER,Ambient,None,BCI,"SJRWMD Laboratory Services","",""
NCBMOSES,"Moses Creek on west side of US1 (upstm side)","Secchi",m,78,10/05/2009 07:30,.5,L,GRAB,,,"DISTRICT FIELD SOP",FIELD DATA,Ambient,None,BCI,"SJRWMD Field Data","","Secchi on Bottom"
NCBMOSES,"Moses Creek on west side of US1 (upstm side)","TSS",mg/L,530,10/05/2009 07:30,4.2,,GRAB,1.4,2.5,"SM2540D",WATER,Ambient,None,BCI,"TestAmerica, Incorporated","","SR 1-12-10; Dilution <>1 represents 200mL/actual sample volume filtered. The sample was not diluted."
NCBMOSES,"Moses Creek on west side of US1 (upstm side)","Turbidity",ntu,82079,10/05/2009 07:30,3.7,,GRAB,.5,1.5,"EPA180.1 R2.0 1993",WATER,Ambient,None,BCI,"SJRWMD Laboratory Services","",""
NCBMOSES,"Moses Creek on west side of US1 (upstm side)","Secchi",m,78,11/02/2009 08:25,.5,L,GRAB,,,"DISTRICT FIELD SOP",FIELD DATA,Ambient,None,BCI,"SJRWMD Field Data","Stage is rusty cannot read","Secchi on Bottom"
NCBMOSES,"Moses Creek on west side of US1 (upstm side)","TSS",mg/L,530,11/02/2009 08:25,1.7,I,GRAB,1.4,2.5,"SM2540D",WATER,Ambient,None,BCI,"TestAmerica, Incorporated","Stage is rusty cannot read","SR 1-12-10; Dilution <>1 represents 200mL/actual sample volume filtered. The sample was not diluted."
NCBMOSES,"Moses Creek on west side of US1 (upstm side)","Turbidity",ntu,82079,11/02/2009 08:25,2.1,,GRAB,.5,1.5,"EPA180.1 R2.0 1993",WATER,Ambient,None,BCI,"SJRWMD Laboratory Services","Stage is rusty cannot read",""
NCBMOSES,"Moses Creek on west side of US1 (upstm side)","Secchi",m,78,12/01/2009 12:20,.4,L,GRAB,,,"DISTRICT FIELD SOP",FIELD DATA,Ambient,None,BCI/21FLSJWM,"SJRWMD Field Data","Stage covered and unreadable.","Secchi on Bottom"
NCBMOSES,"Moses Creek on west side of US1 (upstm side)","TSS",mg/L,530,12/01/2009 12:20,1.45,T,GRAB,1.45,2.5,"SM2540D",WATER,Ambient,None,BCI/21FLSJWM,"TestAmerica, Incorporated","Stage covered and unreadable.",""
NCBMOSES,"Moses Creek on west side of US1 (upstm side)","Turbidity",ntu,82079,12/01/2009 12:20,1.4,I,GRAB,.5,1.5,"EPA180.1 R2.0 1993",WATER,Ambient,None,BCI/21FLSJWM,"SJRWMD Laboratory Services","Stage covered and unreadable.",""
NCBMOSES,"Moses Creek on west side of US1 (upstm side)","TSS",mg/L,530,01/06/2010 08:50,1.45,T,GRAB,1.45,2.5,"SM2540D",WATER,Ambient,None,BCI,"TestAmerica, Incorporated","",""
NCBMOSES,"Moses Creek on west side of US1 (upstm side)","Turbidity",ntu,82079,01/06/2010 08:50,1.1,I,GRAB,.5,1.5,"EPA180.1 R2.0 1993",WATER,Ambient,None,BCI,"SJRWMD Laboratory Services","",""
NCBMOSES,"Moses Creek on west side of US1 (upstm side)","TSS",mg/L,530,02/01/2010 13:40,1.5,I,GRAB,1.45,2.5,"SM2540D",WATER,Ambient,None,BCI,"TestAmerica, Incorporated","",""
NCBMOSES,"Moses Creek on west side of US1 (upstm side)","Turbidity",ntu,82079,02/01/2010 13:40,2.1,,GRAB,.5,1.5,"EPA180.1 R2.0 1993",WATER,Ambient,None,BCI,"SJRWMD Laboratory Services","",""
NCBMOSES,"Moses Creek on west side of US1 (upstm side)","TSS",mg/L,530,03/01/2010 12:45,7.5,,GRAB,1.45,2.5,"SM2540D",WATER,Ambient,None,BCI,"TestAmerica, Incorporated","",""
NCBMOSES,"Moses Creek on west side of US1 (upstm side)","Turbidity",ntu,82079,03/01/2010 12:45,1.7,,GRAB,.5,1.5,"EPA180.1 R2.0 1993",WATER,Ambient,None,BCI,"SJRWMD Laboratory Services","",""
NCBMOSES,"Moses Creek on west side of US1 (upstm side)","TSS",mg/L,530,04/01/2010 10:55,2.9,T,GRAB,2.9,5,"SM2540D",WATER,Ambient,None,BCI,"TestAmerica, Incorporated","",""
NCBMOSES,"Moses Creek on west side of US1 (upstm side)","Turbidity",ntu,82079,04/01/2010 10:55,2.7,,GRAB,.5,1.5,"EPA180.1 R2.0 1993",WATER,Ambient,None,BCI,"SJRWMD Laboratory Services","",""
NCBMOSES,"Moses Creek on west side of US1 (upstm side)","Secchi",m,78,05/03/2010 12:40,.3,L,GRAB,,,"DISTRICT FIELD SOP",FIELD DATA,Ambient,None,BCI,"SJRWMD Field Data","","Secchi on Bottom"
NCBMOSES,"Moses Creek on west side of US1 (upstm side)","TSS",mg/L,530,05/03/2010 12:40,8,I,GRAB,5.8,10,"SM2540D",WATER,Ambient,None,BCI,"TestAmerica, Incorporated","",""
NCBMOSES,"Moses Creek on west side of US1 (upstm side)","Turbidity",ntu,82079,05/03/2010 12:40,1.5,,GRAB,.5,1.5,"EPA180.1 R2.0 1993",WATER,Ambient,None,BCI,"SJRWMD Laboratory Services","",""
NCBMOSES,"Moses Creek on west side of US1 (upstm side)","Secchi",m,78,06/01/2010 13:10,.4,L,GRAB,,,"DISTRICT FIELD SOP",FIELD DATA,Ambient,None,BCI,"SJRWMD Field Data","","Secchi on Bottom"
NCBMOSES,"Moses Creek on west side of US1 (upstm side)","TSS",mg/L,530,06/01/2010 13:10,3.5,I,GRAB,2.9,5,"SM2540D",WATER,Ambient,None,BCI,"TestAmerica, Incorporated","",""
NCBMOSES,"Moses Creek on west side of US1 (upstm side)","Turbidity",ntu,82079,06/01/2010 13:10,1.7,,GRAB,.5,1.5,"EPA180.1 R2.0 1993",WATER,Ambient,None,BCI,"SJRWMD Laboratory Services","",""
NCBMOSES,"Moses Creek on west side of US1 (upstm side)","Secchi",m,78,07/01/2010 13:15,.4,L,GRAB,,,"DISTRICT FIELD SOP",FIELD DATA,Ambient,None,BCI,"SJRWMD Field Data","","Secchi on Bottom"
NCBMOSES,"Moses Creek on west side of US1 (upstm side)","TSS",mg/L,530,07/01/2010 13:15,3.5,I,GRAB,2.9,5,"SM2540D",WATER,Ambient,None,BCI,"TestAmerica, Incorporated","",""
NCBMOSES,"Moses Creek on west side of US1 (upstm side)","Turbidity",ntu,82079,07/01/2010 13:15,3.6,,GRAB,.5,1.5,"EPA180.1 R2.0 1993",WATER,Ambient,None,BCI,"SJRWMD Laboratory Services","",""
NCBMOSES,"Moses Creek on west side of US1 (upstm side)","Secchi",m,78,08/04/2010 13:00,.3,L,GRAB,,,"DISTRICT FIELD SOP",FIELD DATA,Ambient,None,BCI/DEP,"SJRWMD Field Data","","Secchi on Bottom"
NCBMOSES,"Moses Creek on west side of US1 (upstm side)","TSS",mg/L,530,08/04/2010 13:00,4,I,GRAB,2.9,5,"SM2540D",WATER,Ambient,None,BCI/DEP,"TestAmerica, Incorporated","",""
NCBMOSES,"Moses Creek on west side of US1 (upstm side)","Turbidity",ntu,82079,08/04/2010 13:00,5.6,,GRAB,.5,1.5,"EPA180.1 R2.0 1993",WATER,Ambient,None,BCI/DEP,"SJRWMD Laboratory Services","",""
NCBMOSES,"Moses Creek on west side of US1 (upstm side)","Secchi",m,78,09/01/2010 12:25,.4,L,GRAB,,,"DISTRICT FIELD SOP",FIELD DATA,Ambient,None,BCI,"SJRWMD Field Data","","Secchi on Bottom"
NCBMOSES,"Moses Creek on west side of US1 (upstm side)","TSS",mg/L,530,09/01/2010 12:25,2.9,T,GRAB,2.9,5,"SM2540D",WATER,Ambient,None,BCI,"TestAmerica, Incorporated","",""
NCBMOSES,"Moses Creek on west side of US1 (upstm side)","Turbidity",ntu,82079,09/01/2010 12:25,2.8,,GRAB,.5,1.5,"EPA180.1 R2.0 1993",WATER,Ambient,None,BCI,"SJRWMD Laboratory Services","",""
NCBMOSES,"Moses Creek on west side of US1 (upstm side)","Secchi",m,78,10/05/2010 13:00,.4,L,GRAB,,,"DISTRICT FIELD SOP",FIELD DATA,Ambient,None,BCI,"SJRWMD Field Data","","Secchi on Bottom"
NCBMOSES,"Moses Creek on west side of US1 (upstm side)","TSS",mg/L,530,10/05/2010 13:00,2.9,T,GRAB,2.9,5,"SM2540D",WATER,Ambient,None,BCI,"TestAmerica, Incorporated","",""
NCBMOSES,"Moses Creek on west side of US1 (upstm side)","Turbidity",ntu,82079,10/05/2010 13:00,1.84281742572784,,GRAB,.5,1.5,"EPA180.1 R2.0 1993",WATER,Ambient,None,BCI,"SJRWMD Laboratory Services","",""
NCBMOSES,"Moses Creek on west side of US1 (upstm side)","Secchi",m,78,11/01/2010 11:40,.4,L,GRAB,,,"DISTRICT FIELD SOP",FIELD DATA,Ambient,None,BCI/21FLSJRWM,"SJRWMD Field Data","Rainfall for past 2 days = 0 in.","Secchi on Bottom"
NCBMOSES,"Moses Creek on west side of US1 (upstm side)","TSS",mg/L,530,11/01/2010 11:40,2.9,T,GRAB,2.9,5,"SM2540D",WATER,Ambient,None,BCI/21FLSJRWM,"TestAmerica, Incorporated","Rainfall for past 2 days = 0 in.",""
NCBMOSES,"Moses Creek on west side of US1 (upstm side)","Turbidity",ntu,82079,11/01/2010 11:40,1.04590034484863,I,GRAB,.5,1.5,"EPA180.1 R2.0 1993",WATER,Ambient,None,BCI/21FLSJRWM,"SJRWMD Laboratory Services","Rainfall for past 2 days = 0 in.",""
NCBMOSES,"Moses Creek on west side of US1 (upstm side)","Secchi",m,78,12/01/2010 13:45,.3,L,GRAB,,,"DISTRICT FIELD SOP",FIELD DATA,Ambient,None,BCI,"SJRWMD Field Data","Rainfall for past 2 days: 0.044 in.","Secchi on Bottom"
NCBMOSES,"Moses Creek on west side of US1 (upstm side)","TSS",mg/L,530,12/01/2010 13:45,3.5,I,GRAB,2.9,5,"SM2540D",WATER,Ambient,None,BCI,"TestAmerica, Incorporated","Rainfall for past 2 days: 0.044 in.",""
NCBMOSES,"Moses Creek on west side of US1 (upstm side)","Turbidity",ntu,82079,12/01/2010 13:45,2.23210787773132,,GRAB,.5,1.5,"EPA180.1 R2.0 1993",WATER,Ambient,None,BCI,"SJRWMD Laboratory Services","Rainfall for past 2 days: 0.044 in.",""
NCBMOSES,"Moses Creek on west side of US1 (upstm side)","Secchi",m,78,01/03/2011 13:25,.4,L,GRAB,,,"DISTRICT FIELD SOP",FIELD DATA,Ambient,None,BCI,"SJRWMD Field Data","Rainfall for past 2 days: 0.095 in. Stage cannot be read.","Secchi on Bottom"
NCBMOSES,"Moses Creek on west side of US1 (upstm side)","TSS",mg/L,530,01/03/2011 13:25,5,,GRAB,2.9,5,"SM2540D",WATER,Ambient,None,BCI,"TestAmerica, Incorporated","Rainfall for past 2 days: 0.095 in. Stage cannot be read.",""
NCBMOSES,"Moses Creek on west side of US1 (upstm side)","Turbidity",ntu,82079,01/03/2011 13:25,2.84196066856384,,GRAB,.5,1.5,"EPA180.1 R2.0 1993",WATER,Ambient,None,BCI,"SJRWMD Laboratory Services","Rainfall for past 2 days: 0.095 in. Stage cannot be read.",""
NCBMOSES,"Moses Creek on west side of US1 (upstm side)","Secchi",m,78,02/01/2011 12:50,.4,L,GRAB,,,"DISTRICT FIELD SOP",FIELD DATA,Ambient,None,BCI,"SJRWMD Field Data","Rainfall for past 2 days = 0.01-0.10 in.","Secchi on Bottom"
NCBMOSES,"Moses Creek on west side of US1 (upstm side)","TSS",mg/L,530,02/01/2011 12:50,2.9,T,GRAB,2.9,5,"SM2540D",WATER,Ambient,None,BCI,"TestAmerica, Incorporated","Rainfall for past 2 days = 0.01-0.10 in.",""
NCBMOSES,"Moses Creek on west side of US1 (upstm side)","Turbidity",ntu,82079,02/01/2011 12:50,.505926549434662,I,GRAB,.5,1.5,"EPA180.1 R2.0 1993",WATER,Ambient,None,BCI,"SJRWMD Laboratory Services","Rainfall for past 2 days = 0.01-0.10 in.",""
NCBMOSES,"Moses Creek on west side of US1 (upstm side)","Secchi",m,78,03/08/2011 10:15,.4,L,GRAB,,,"DISTRICT FIELD SOP",FIELD DATA,Ambient,None,BCI,"SJRWMD Field Data","Rainfall for past 2 days = 0 in.","Secchi on Bottom"
NCBMOSES,"Moses Creek on west side of US1 (upstm side)","TSS",mg/L,530,03/08/2011 10:15,3,I,GRAB,2.9,5,"SM2540D",WATER,Ambient,None,BCI,"TestAmerica, Incorporated","Rainfall for past 2 days = 0 in.",""
NCBMOSES,"Moses Creek on west side of US1 (upstm side)","Turbidity",ntu,82079,03/08/2011 10:15,.5,T,GRAB,.5,1.5,"EPA180.1 R2.0 1993",WATER,Ambient,None,BCI,"SJRWMD Laboratory Services","Rainfall for past 2 days = 0 in.",""
NCBMOSES,"Moses Creek on west side of US1 (upstm side)","Secchi",m,78,04/04/2011 08:30,.4,L,GRAB,,,"DISTRICT FIELD SOP",FIELD DATA,Ambient,None,BCI,"SJRWMD Field Data","","Secchi on Bottom"
NCBMOSES,"Moses Creek on west side of US1 (upstm side)","TSS",mg/L,530,04/04/2011 08:30,1.45,T,GRAB,1.45,2.5,"SM2540D",WATER,Ambient,None,BCI,"TestAmerica, Incorporated","",""
NCBMOSES,"Moses Creek on west side of US1 (upstm side)","Turbidity",ntu,82079,04/04/2011 08:30,.647815585136414,IQ,GRAB,.5,1.5,"EPA180.1 R2.0 1993",WATER,Ambient,None,BCI,"SJRWMD Laboratory Services","",""
NCBMOSES,"Moses Creek on west side of US1 (upstm side)","Secchi",m,78,05/10/2011 09:10,.3,L,GRAB,,,"DISTRICT FIELD SOP",FIELD DATA,Ambient,None,BCI,"SJRWMD Field Data","Rainfall for past 2 days: 0.043 in. Stage out of water.","Secchi on Bottom"
NCBMOSES,"Moses Creek on west side of US1 (upstm side)","TSS",mg/L,530,05/10/2011 09:10,2.9,T,GRAB,2.9,5,"SM2540D",WATER,Ambient,None,BCI,"TestAmerica, Incorporated","Rainfall for past 2 days: 0.043 in. Stage out of water.",""
NCBMOSES,"Moses Creek on west side of US1 (upstm side)","Turbidity",ntu,82079,05/10/2011 09:10,.5,TQ,GRAB,.5,1.5,"EPA180.1 R2.0 1993",WATER,Ambient,None,BCI,"SJRWMD Laboratory Services","Rainfall for past 2 days: 0.043 in. Stage out of water.","1228-05/13/2011 Analyst Rerun; Samples reanalyzed out of time frame due to a MRCS failure on the previous run."
NCBMOSES,"Moses Creek on west side of US1 (upstm side)","Secchi",m,78,06/02/2011 13:00,.3,L,GRAB,,,"DISTRICT FIELD SOP",FIELD DATA,Ambient,None,BCI,"SJRWMD Field Data","Rainfall for past 2 days: 0 in.","Secchi on Bottom"
NCBMOSES,"Moses Creek on west side of US1 (upstm side)","TSS",mg/L,530,06/02/2011 13:00,2.9,T,GRAB,2.9,5,"SM2540D",WATER,Ambient,None,BCI,"TestAmerica, Incorporated","Rainfall for past 2 days: 0 in.",""
NCBMOSES,"Moses Creek on west side of US1 (upstm side)","Turbidity",ntu,82079,06/02/2011 13:00,1.73157024383545,,GRAB,.5,1.5,"EPA180.1 R2.0 1993",WATER,Ambient,None,BCI,"SJRWMD Laboratory Services","Rainfall for past 2 days: 0 in.",""
NCBMOSES,"Moses Creek on west side of US1 (upstm side)","Secchi",m,78,07/20/2011 13:30,.3,L,GRAB,,,"DISTRICT FIELD SOP",FIELD DATA,Ambient,None,BCI,"SJRWMD Field Data","Rainfall for past 2 days: 0.039 in.","Secchi on Bottom"
NCBMOSES,"Moses Creek on west side of US1 (upstm side)","TSS",mg/L,530,07/20/2011 13:30,2.9,T,GRAB,2.9,5,"SM2540D",WATER,Ambient,None,BCI,"TestAmerica, Incorporated","Rainfall for past 2 days: 0.039 in.",""
NCBMOSES,"Moses Creek on west side of US1 (upstm side)","Turbidity",ntu,82079,07/20/2011 13:30,.83031439781189,I,GRAB,.5,1.5,"EPA180.1 R2.0 1993",WATER,Ambient,None,BCI,"SJRWMD Laboratory Services","Rainfall for past 2 days: 0.039 in.",""
NCBMOSES,"Moses Creek on west side of US1 (upstm side)","Secchi",m,78,08/09/2011 10:10,.3,L,GRAB,,,"DISTRICT FIELD SOP",FIELD DATA,Ambient,None,BCI,"SJRWMD Field Data","Rainfall for past 2 days: 0.465 in.","Secchi on Bottom"
NCBMOSES,"Moses Creek on west side of US1 (upstm side)","TSS",mg/L,530,08/09/2011 10:10,5,Q,GRAB,2.9,5,"SM2540D",WATER,Ambient,None,BCI,"TestAmerica, Incorporated","Rainfall for past 2 days: 0.465 in.","Analyzed out of hold due to analyst oversight"
NCBMOSES,"Moses Creek on west side of US1 (upstm side)","Turbidity",ntu,82079,08/09/2011 10:10,1.37842988967896,I,GRAB,.5,1.5,"EPA180.1 R2.0 1993",WATER,Ambient,None,BCI,"SJRWMD Laboratory Services","Rainfall for past 2 days: 0.465 in.",""
NCBMOSES,"Moses Creek on west side of US1 (upstm side)","Secchi",m,78,12/08/2014 08:00,.3,,P00.80,,,"DISTRICT FIELD SOP",FIELD DATA,Ambient,None,21FLSJWM,"SJRWMD Field Data","known or possible rain in past 48 hrs",""
NCBMOSES,"Moses Creek on west side of US1 (upstm side)","Secchi",m,78,12/08/2014 08:00,.3,,GRAB,,,"DISTRICT FIELD SOP",FIELD DATA,Ambient,None,21FLSJWM,"SJRWMD Field Data","known or possible rain in past 48 hrs",""
NCBMOSES,"Moses Creek on west side of US1 (upstm side)","TSS",mg/L,530,12/08/2014 08:00,2,T,GRAB,2,8,"SM 21st Ed 2540D",WATER,Ambient,None,21FLSJWM,"SJRWMD Laboratory Services","known or possible rain in past 48 hrs",""
NCBMOSES,"Moses Creek on west side of US1 (upstm side)","Turbidity",ntu,82079,12/08/2014 08:00,1.64457225799561,,GRAB,.5,1.5,"EPA180.1 R2.0 1993",WATER,Ambient,None,21FLSJWM,"SJRWMD Laboratory Services","known or possible rain in past 48 hrs",""
NCBMOSES,"Moses Creek on west side of US1 (upstm side)","Secchi",m,78,01/13/2015 07:55,.3,,GRAB,,,"DISTRICT FIELD SOP",FIELD DATA,Ambient,None,21FLSJWM/SJRWMD,"SJRWMD Field Data","know or possible rain within the last 48 hrs",""
NCBMOSES,"Moses Creek on west side of US1 (upstm side)","Secchi",m,78,01/13/2015 07:55,.3,,P00.20,,,"DISTRICT FIELD SOP",FIELD DATA,Ambient,None,21FLSJWM/SJRWMD,"SJRWMD Field Data","know or possible rain within the last 48 hrs",""
NCBMOSES,"Moses Creek on west side of US1 (upstm side)","TSS",mg/L,530,01/13/2015 07:55,2,T,GRAB,2,8,"SM 21st Ed 2540D",WATER,Ambient,None,21FLSJWM/SJRWMD,"SJRWMD Laboratory Services","know or possible rain within the last 48 hrs",""
NCBMOSES,"Moses Creek on west side of US1 (upstm side)","Turbidity",ntu,82079,01/13/2015 07:55,5.28885746002197,,GRAB,.5,1.5,"EPA180.1 R2.0 1993",WATER,Ambient,None,21FLSJWM/SJRWMD,"SJRWMD Laboratory Services","know or possible rain within the last 48 hrs",""
NCBMOSES,"Moses Creek on west side of US1 (upstm side)","Secchi",m,78,02/17/2015 07:55,.5,,GRAB,,,"DISTRICT FIELD SOP",FIELD DATA,Ambient,None,21FLSJWM,"SJRWMD Field Data","",""
NCBMOSES,"Moses Creek on west side of US1 (upstm side)","Secchi",m,78,02/17/2015 07:55,.5,,P00.60,,,"DISTRICT FIELD SOP",FIELD DATA,Ambient,None,21FLSJWM,"SJRWMD Field Data","",""
NCBMOSES,"Moses Creek on west side of US1 (upstm side)","TSS",mg/L,530,02/17/2015 07:55,2,I,GRAB,2,8,"SM 21st Ed 2540D",WATER,Ambient,None,21FLSJWM,"SJRWMD Laboratory Services","",""
NCBMOSES,"Moses Creek on west side of US1 (upstm side)","Turbidity",ntu,82079,02/17/2015 07:55,3.0548038482666,,GRAB,.5,1.5,"EPA180.1 R2.0 1993",WATER,Ambient,None,21FLSJWM,"SJRWMD Laboratory Services","",""
NCBMOSES,"Moses Creek on west side of US1 (upstm side)","Secchi",m,78,03/18/2015 08:10,.3,,GRAB,,,"DISTRICT FIELD SOP",FIELD DATA,Ambient,None,21FLSJWM/SJRWMD,"SJRWMD Field Data","",""
NCBMOSES,"Moses Creek on west side of US1 (upstm side)","TSS",mg/L,530,03/18/2015 08:10,8.4,,GRAB,2,8,"SM 21st Ed 2540D",WATER,Ambient,None,21FLSJWM/SJRWMD,"SJRWMD Laboratory Services","",""
NCBMOSES,"Moses Creek on west side of US1 (upstm side)","Turbidity",ntu,82079,03/18/2015 08:10,41.656421661377,,GRAB,.5,1.5,"EPA180.1 R2.0 1993",WATER,Ambient,None,21FLSJWM/SJRWMD,"SJRWMD Laboratory Services","","ja 3/25/2015 historical original value 41.6  mg/L rerun value 41.1  mg/L report original value"
NCBMOSES,"Moses Creek on west side of US1 (upstm side)","Secchi",m,78,04/21/2015 08:25,.4,,P01,,,"DISTRICT FIELD SOP",FIELD DATA,Ambient,None,21FLSJWM/SJRWMD,"SJRWMD Field Data","known or possible rain in past 48 hrs",""
NCBMOSES,"Moses Creek on west side of US1 (upstm side)","Secchi",m,78,04/21/2015 08:25,.4,,GRAB,,,"DISTRICT FIELD SOP",FIELD DATA,Ambient,None,21FLSJWM/SJRWMD,"SJRWMD Field Data","known or possible rain in past 48 hrs",""
NCBMOSES,"Moses Creek on west side of US1 (upstm side)","TSS",mg/L,530,04/21/2015 08:25,11.4,,GRAB,2,8,"SM 21st Ed 2540D",WATER,Ambient,None,21FLSJWM/SJRWMD,"SJRWMD Laboratory Services","known or possible rain in past 48 hrs",""
NCBMOSES,"Moses Creek on west side of US1 (upstm side)","Turbidity",ntu,82079,04/21/2015 08:25,20.0353240966797,,GRAB,.5,1.5,"EPA180.1 R2.0 1993",WATER,Ambient,None,21FLSJWM/SJRWMD,"SJRWMD Laboratory Services","known or possible rain in past 48 hrs","ja 5/1/2015 historical original value 20.03 ntu rerun value 21.86 ntu re-rerun value 22.56 ntu report original value"
NCBMOSES,"Moses Creek on west side of US1 (upstm side)","Secchi",m,78,08/27/2015 08:20,.5,,GRAB,,,"DISTRICT FIELD SOP",FIELD DATA,Ambient,None,21FLSJWM,"SJRWMD Field Data","",""
NCBMOSES,"Moses Creek on west side of US1 (upstm side)","Secchi",m,78,08/27/2015 08:20,.5,,P01,,,"DISTRICT FIELD SOP",FIELD DATA,Ambient,None,21FLSJWM,"SJRWMD Field Data","",""
NCBMOSES,"Moses Creek on west side of US1 (upstm side)","TSS",mg/L,530,08/27/2015 08:20,2.8,I,GRAB,2,8,"SM 21st Ed 2540D",WATER,Ambient,None,21FLSJWM,"SJRWMD Laboratory Services","",""
NCBMOSES,"Moses Creek on west side of US1 (upstm side)","Turbidity",ntu,82079,08/27/2015 08:20,5.13651990890503,,GRAB,.5,1.5,"EPA180.1 R2.0 1993",WATER,Ambient,None,21FLSJWM,"SJRWMD Laboratory Services","",""
NCBMOSES,"Moses Creek on west side of US1 (upstm side)","Secchi",m,78,10/19/2015 09:05,.35,,P01,,,"DISTRICT FIELD SOP",FIELD DATA,Ambient,None,21FLSJWM,"SJRWMD Field Data","",""
NCBMOSES,"Moses Creek on west side of US1 (upstm side)","Secchi",m,78,10/19/2015 09:05,.35,,GRAB,,,"DISTRICT FIELD SOP",FIELD DATA,Ambient,None,21FLSJWM,"SJRWMD Field Data","",""
NCBMOSES,"Moses Creek on west side of US1 (upstm side)","TSS",mg/L,530,10/19/2015 09:05,2,T,GRAB,2,8,"SM 21st Ed 2540D",WATER,Ambient,None,21FLSJWM,"SJRWMD Laboratory Services","",""
NCBMOSES,"Moses Creek on west side of US1 (upstm side)","Turbidity",ntu,82079,10/19/2015 09:05,3.01269054412842,,GRAB,.5,1.5,"EPA180.1 R2.0 1993",WATER,Ambient,None,21FLSJWM,"SJRWMD Laboratory Services","",""
NCBMOSES,"Moses Creek on west side of US1 (upstm side)","Secchi",m,78,10/19/2015 09:07,.35,,P01,,,"DISTRICT FIELD SOP",FIELD DATA,Ambient,None,21FLSJWM,"SJRWMD Field Data","",""
NCBMOSES,"Moses Creek on west side of US1 (upstm side)","Secchi",m,78,10/19/2015 09:07,.35,,DUP,,,"DISTRICT FIELD SOP",FIELD DATA,Ambient,None,21FLSJWM,"SJRWMD Field Data","",""
NCBMOSES,"Moses Creek on west side of US1 (upstm side)","TSS",mg/L,530,10/19/2015 09:07,2,I,DUP,2,8,"SM 21st Ed 2540D",WATER,Ambient,None,21FLSJWM,"SJRWMD Laboratory Services","",""
NCBMOSES,"Moses Creek on west side of US1 (upstm side)","Turbidity",ntu,82079,10/19/2015 09:07,2.49837303161621,,DUP,.5,1.5,"EPA180.1 R2.0 1993",WATER,Ambient,None,21FLSJWM,"SJRWMD Laboratory Services","",""
NCBMOSES,"Moses Creek on west side of US1 (upstm side)","TSS",mg/L,530,02/17/2016 07:40,2,I,GRAB,2,8,"SM 21st Ed 2540D",WATER,Ambient,None,21FLSJWM/SJRWMD,"SJRWMD Laboratory Services","",""
NCBMOSES,"Moses Creek on west side of US1 (upstm side)","Turbidity",ntu,82079,02/17/2016 07:40,1.91201281547546,,GRAB,.5,1.5,"EPA180.1 R2.0 1993",WATER,Ambient,None,21FLSJWM/SJRWMD,"SJRWMD Laboratory Services","",""
NCBMOSES,"Moses Creek on west side of US1 (upstm side)","TSS",mg/L,530,03/09/2016 07:35,7,I,GRAB,2,8,"SM 21st Ed 2540D",WATER,Ambient,None,21FLSJWM/SJRWMD,"SJRWMD Laboratory Services","",""
NCBMOSES,"Moses Creek on west side of US1 (upstm side)","Turbidity",ntu,82079,03/09/2016 07:35,1.04246950149536,I,GRAB,.5,1.5,"EPA180.1 R2.0 1993",WATER,Ambient,None,21FLSJWM/SJRWMD,"SJRWMD Laboratory Services","",""
NCBMOSES,"Moses Creek on west side of US1 (upstm side)","Secchi",m,78,06/15/2016 12:25,.1,,P01,,,"DISTRICT FIELD SOP",FIELD DATA,Ambient,None,21FLSJWM,"SJRWMD Field Data","",""
NCBMOSES,"Moses Creek on west side of US1 (upstm side)","Secchi",m,78,06/15/2016 12:25,.1,,GRAB,,,"DISTRICT FIELD SOP",FIELD DATA,Ambient,None,21FLSJWM,"SJRWMD Field Data","",""
NCBMOSES,"Moses Creek on west side of US1 (upstm side)","TSS",mg/L,530,06/15/2016 12:25,3,I,GRAB,2,8,"SM 21st Ed 2540D",WATER,Ambient,None,21FLSJWM,"SJRWMD Laboratory Services","",""
NCBMOSES,"Moses Creek on west side of US1 (upstm side)","Turbidity",ntu,82079,06/15/2016 12:25,5.83524942398071,,GRAB,.5,1.5,"EPA180.1 R2.0 1993",WATER,Ambient,None,21FLSJWM,"SJRWMD Laboratory Services","",""
NCBMOSES,"Moses Creek on west side of US1 (upstm side)","Secchi",m,78,06/15/2016 12:26,.1,,DUP,,,"DISTRICT FIELD SOP",FIELD DATA,Ambient,None,21FLSJWM,"SJRWMD Field Data","",""
NCBMOSES,"Moses Creek on west side of US1 (upstm side)","TSS",mg/L,530,06/15/2016 12:26,3.4,I,DUP,2,8,"SM 21st Ed 2540D",WATER,Ambient,None,21FLSJWM,"SJRWMD Laboratory Services","",""
NCBMOSES,"Moses Creek on west side of US1 (upstm side)","Turbidity",ntu,82079,06/15/2016 12:26,6.31576490402222,,DUP,.5,1.5,"EPA180.1 R2.0 1993",WATER,Ambient,None,21FLSJWM,"SJRWMD Laboratory Services","",""
NCBMOSES,"Moses Creek on west side of US1 (upstm side)","Secchi",m,78,08/16/2016 12:42,.3,S,GRAB,,,"DISTRICT FIELD SOP",FIELD DATA,Ambient,None,21FLSJWM,"SJRWMD Field Data","Change collection depth reading to 0.15m; 02-22-17 sa: Changed errant collection device from Bottle Sampler (Pt.) to Bottle Sampler (pt.).","Secchi on Bottom"
NCBMOSES,"Moses Creek on west side of US1 (upstm side)","TSS",mg/L,530,08/16/2016 12:42,2,T,GRAB,2,8,"SM 21st Ed 2540D",WATER,Ambient,None,21FLSJWM,"SJRWMD Laboratory Services","Change collection depth reading to 0.15m; 02-22-17 sa: Changed errant collection device from Bottle Sampler (Pt.) to Bottle Sampler (pt.).",""
NCBMOSES,"Moses Creek on west side of US1 (upstm side)","Turbidity",ntu,82079,08/16/2016 12:42,1.42277777194977,I,GRAB,.5,1.5,"EPA180.1 R2.0 1993",WATER,Ambient,None,21FLSJWM,"SJRWMD Laboratory Services","Change collection depth reading to 0.15m; 02-22-17 sa: Changed errant collection device from Bottle Sampler (Pt.) to Bottle Sampler (pt.).",""
NCBMOSES,"Moses Creek on west side of US1 (upstm side)","Secchi",m,78,09/15/2016 08:38,.46,S,P01,,,"DISTRICT FIELD SOP",FIELD DATA,Ambient,None,21FLSJWM,"SJRWMD Field Data","","Secchi on Bottom"
NCBMOSES,"Moses Creek on west side of US1 (upstm side)","Secchi",m,78,09/15/2016 08:39,.46,S,GRAB,,,"DISTRICT FIELD SOP",FIELD DATA,Ambient,None,21FLSJWM,"SJRWMD Field Data","02-22-17 sa: Changed errant collection device from Bottle Sampler (Pt.) to Bottle Sampler (pt.).","Secchi on Bottom"
NCBMOSES,"Moses Creek on west side of US1 (upstm side)","TSS",mg/L,530,09/15/2016 08:39,2,T,GRAB,2,8,"SM 21st Ed 2540D",WATER,Ambient,None,21FLSJWM,"SJRWMD Laboratory Services","02-22-17 sa: Changed errant collection device from Bottle Sampler (Pt.) to Bottle Sampler (pt.).",""
NCBMOSES,"Moses Creek on west side of US1 (upstm side)","Turbidity",ntu,82079,09/15/2016 08:39,1.60661005973816,,GRAB,.5,1.5,"EPA180.1 R2.0 1993",WATER,Ambient,None,21FLSJWM,"SJRWMD Laboratory Services","02-22-17 sa: Changed errant collection device from Bottle Sampler (Pt.) to Bottle Sampler (pt.).",""
NCBMOSES,"Moses Creek on west side of US1 (upstm side)","Secchi",m,78,10/13/2016 07:59,.7,S,GRAB,,,"DISTRICT FIELD SOP",FIELD DATA,Ambient,None,21FLSJWM,"SJRWMD Field Data","","Secchi on Bottom"
NCBMOSES,"Moses Creek on west side of US1 (upstm side)","TSS",mg/L,530,10/13/2016 07:59,2,T,GRAB,2,8,"SM 21st Ed 2540D",WATER,Ambient,None,21FLSJWM,"SJRWMD Laboratory Services","",""
NCBMOSES,"Moses Creek on west side of US1 (upstm side)","Turbidity",ntu,82079,10/13/2016 07:59,2.18315434455872,,GRAB,.5,1.5,"EPA180.1 R2.0 1993",WATER,Ambient,None,21FLSJWM,"SJRWMD Laboratory Services","",""
NCBMOSES,"Moses Creek on west side of US1 (upstm side)","Secchi",m,78,07/05/2017 07:49,.5,S,GRAB,,,"DISTRICT FIELD SOP",FIELD DATA,Ambient,None,21FLSJWM,"SJRWMD Field Data","Change collection depth to 0.25m Intern Sara Lewis","Secchi on Bottom"
NCBMOSES,"Moses Creek on west side of US1 (upstm side)","TSS",mg/L,530,07/05/2017 07:49,2,T,GRAB,2,8,"SM 21st Ed 2540D",WATER,Ambient,None,21FLSJWM,"SJRWMD Laboratory Services","Change collection depth to 0.25m Intern Sara Lewis",""
NCBMOSES,"Moses Creek on west side of US1 (upstm side)","Turbidity",ntu,82079,07/05/2017 07:49,1.80390763282776,,GRAB,.5,1.5,"EPA180.1 R2.0 1993",WATER,Ambient,None,21FLSJWM,"SJRWMD Laboratory Services","Change collection depth to 0.25m Intern Sara Lewis",""
NCBMOSES,"Moses Creek on west side of US1 (upstm side)","TSS",mg/L,530,08/08/2017 07:44,3.8,I,GRAB,2,8,"SM 21st Ed 2540D",WATER,Ambient,None,21FLSJWM,"SJRWMD Laboratory Services","",""
NCBMOSES,"Moses Creek on west side of US1 (upstm side)","Turbidity",ntu,82079,08/08/2017 07:44,3.90576481819153,,GRAB,.5,1.5,"EPA180.1 R2.0 1993",WATER,Ambient,None,21FLSJWM,"SJRWMD Laboratory Services","",""
NCBMOSES,"Moses Creek on west side of US1 (upstm side)","Secchi",m,78,10/18/2017 07:36,.2,,P01,,,"DISTRICT FIELD SOP",FIELD DATA,Ambient,None,21FLSJWM,"SJRWMD Field Data","",""
NCBMOSES,"Moses Creek on west side of US1 (upstm side)","Secchi",m,78,10/18/2017 07:37,.2,,GRAB,,,"DISTRICT FIELD SOP",FIELD DATA,Ambient,None,21FLSJWM,"SJRWMD Field Data","",""
NCBMOSES,"Moses Creek on west side of US1 (upstm side)","TSS",mg/L,530,10/18/2017 07:37,2,T,GRAB,2,8,"SM 21st Ed 2540D",WATER,Ambient,None,21FLSJWM,"SJRWMD Laboratory Services","",""
NCBMOSES,"Moses Creek on west side of US1 (upstm side)","Turbidity",ntu,82079,10/18/2017 07:37,2.16416931152344,,GRAB,.5,1.5,"EPA180.1 R2.0 1993",WATER,Ambient,None,21FLSJWM,"SJRWMD Laboratory Services","",""
NCBMOSES,"Moses Creek on west side of US1 (upstm side)","Secchi",m,78,11/15/2017 08:05,.3,,GRAB,,,"DISTRICT FIELD SOP",FIELD DATA,Ambient,None,21FLSJWM,"SJRWMD Field Data","",""
NCBMOSES,"Moses Creek on west side of US1 (upstm side)","TSS",mg/L,530,11/15/2017 08:05,2.2,I,GRAB,2,8,"SM 21st Ed 2540D",WATER,Ambient,None,21FLSJWM,"SJRWMD Laboratory Services","",""
NCBMOSES,"Moses Creek on west side of US1 (upstm side)","Turbidity",ntu,82079,11/15/2017 08:05,3.73285603523254,,GRAB,.5,1.5,"EPA180.1 R2.0 1993",WATER,Ambient,None,21FLSJWM,"SJRWMD Laboratory Services","",""
NCBMOSES,"Moses Creek on west side of US1 (upstm side)","Secchi",m,78,12/11/2017 07:48,.2,,P01,,,"DISTRICT FIELD SOP",FIELD DATA,Ambient,None,21FLSJWM,"SJRWMD Field Data","",""
NCBMOSES,"Moses Creek on west side of US1 (upstm side)","Secchi",m,78,12/11/2017 07:49,.2,,GRAB,,,"DISTRICT FIELD SOP",FIELD DATA,Ambient,None,21FLSJWM,"SJRWMD Field Data","",""
NCBMOSES,"Moses Creek on west side of US1 (upstm side)","TSS",mg/L,530,12/11/2017 07:49,2,T,GRAB,2,8,"SM 21st Ed 2540D",WATER,Ambient,None,21FLSJWM,"SJRWMD Laboratory Services","",""
NCBMOSES,"Moses Creek on west side of US1 (upstm side)","Turbidity",ntu,82079,12/11/2017 07:49,2.2729606628418,,GRAB,.5,1.5,"EPA180.1 R2.0 1993",WATER,Ambient,None,21FLSJWM,"SJRWMD Laboratory Services","",""
NCBMOSES,"Moses Creek on west side of US1 (upstm side)","TSS",mg/L,530,01/04/2018 08:15,2,T,GRAB,2,8,"SM 21st Ed 2540D",WATER,Ambient,None,21FLSJWM,"SJRWMD Laboratory Services","",""
NCBMOSES,"Moses Creek on west side of US1 (upstm side)","Turbidity",ntu,82079,01/04/2018 08:15,7.42887687683105,,GRAB,.5,1.5,"EPA180.1 R2.0 1993",WATER,Ambient,None,21FLSJWM,"SJRWMD Laboratory Services","",""
NCBMOSES,"Moses Creek on west side of US1 (upstm side)","TSS",mg/L,530,02/07/2018 07:33,2,T,GRAB,2,8,"SM 21st Ed 2540D",WATER,Ambient,None,21FLSJWM,"SJRWMD Laboratory Services","",""
NCBMOSES,"Moses Creek on west side of US1 (upstm side)","Turbidity",ntu,82079,02/07/2018 07:33,2.55287981033325,,GRAB,.5,1.5,"EPA180.1 R2.0 1993",WATER,Ambient,None,21FLSJWM,"SJRWMD Laboratory Services","",""
NCBMOSES,"Moses Creek on west side of US1 (upstm side)","TSS",mg/L,530,04/10/2018 10:46,38.4,#!,GRAB,2,8,"SM 21st Ed 2540D",WATER,Ambient,None,21FLSJWM,"SJRWMD Laboratory Services","","3042 042518 outside historical range; Winkler Regression; rerun confirms original; rerun value of 40.6 mg/L; report original value of 38.4 mg/L.; 04-08-22 cfrysing: (#!) codes assigned based on fourth-spread method applied to data ranks on 20210128."
NCBMOSES,"Moses Creek on west side of US1 (upstm side)","Turbidity",ntu,82079,04/10/2018 10:46,23.2640552520752,,GRAB,.5,1.5,"EPA180.1 R2.0 1993",WATER,Ambient,None,21FLSJWM,"SJRWMD Laboratory Services","","3042 042518 ED QA; outside historical range; rerun confirms original; rerun value of 24.7 ntu with a replicate value of 24.1 ntu; report original value of 23.3 ntu."
NCBMOSES,"Moses Creek on west side of US1 (upstm side)","Secchi",m,78,06/11/2018 07:40,.2,,P01,,,"DISTRICT FIELD SOP",FIELD DATA,Ambient,None,21FLSJWM,"SJRWMD Field Data","",""
NCBMOSES,"Moses Creek on west side of US1 (upstm side)","Secchi",m,78,06/11/2018 07:41,.2,,GRAB,,,"DISTRICT FIELD SOP",FIELD DATA,Ambient,None,21FLSJWM,"SJRWMD Field Data","",""
NCBMOSES,"Moses Creek on west side of US1 (upstm side)","TSS",mg/L,530,06/11/2018 07:41,4.4,I,GRAB,2,8,"SM 21st Ed 2540D",WATER,Ambient,None,21FLSJWM,"SJRWMD Laboratory Services","",""
NCBMOSES,"Moses Creek on west side of US1 (upstm side)","Turbidity",ntu,82079,06/11/2018 07:41,4.3430347442627,,GRAB,.5,1.5,"EPA180.1 R2.0 1993",WATER,Ambient,None,21FLSJWM,"SJRWMD Laboratory Services","",""
NCBMOSES,"Moses Creek on west side of US1 (upstm side)","Secchi",m,78,07/09/2018 08:31,.2,,GRAB,,,"DISTRICT FIELD SOP",FIELD DATA,Ambient,None,21FLSJWM,"SJRWMD Field Data","Intern Trinity Hopkins on site",""
NCBMOSES,"Moses Creek on west side of US1 (upstm side)","TSS",mg/L,530,07/09/2018 08:31,6.2,I,GRAB,2,8,"SM 21st Ed 2540D",WATER,Ambient,None,21FLSJWM,"SJRWMD Laboratory Services","Intern Trinity Hopkins on site",""
NCBMOSES,"Moses Creek on west side of US1 (upstm side)","Turbidity",ntu,82079,07/09/2018 08:31,6.30885601043701,,GRAB,.5,1.5,"EPA180.1 R2.0 1993",WATER,Ambient,None,21FLSJWM,"SJRWMD Laboratory Services","Intern Trinity Hopkins on site",""
NCBMOSES,"Moses Creek on west side of US1 (upstm side)","Secchi",m,78,08/06/2018 08:03,.2,,P01,,,"DISTRICT FIELD SOP",FIELD DATA,Ambient,None,21FLSJWM,"SJRWMD Field Data","",""
NCBMOSES,"Moses Creek on west side of US1 (upstm side)","Secchi",m,78,08/06/2018 08:04,.2,,GRAB,,,"DISTRICT FIELD SOP",FIELD DATA,Ambient,None,21FLSJWM,"SJRWMD Field Data","",""
NCBMOSES,"Moses Creek on west side of US1 (upstm side)","TSS",mg/L,530,08/06/2018 08:04,2.8,I,GRAB,2,8,"SM 21st Ed 2540D",WATER,Ambient,None,21FLSJWM,"SJRWMD Laboratory Services","",""
NCBMOSES,"Moses Creek on west side of US1 (upstm side)","Turbidity",ntu,82079,08/06/2018 08:04,3.56309390068054,,GRAB,.5,1.5,"EPA180.1 R2.0 1993",WATER,Ambient,None,21FLSJWM,"SJRWMD Laboratory Services","",""
NCBMOSES,"Moses Creek on west side of US1 (upstm side)","TSS",mg/L,530,09/05/2018 08:02,2.2,I,GRAB,2,8,"SM 21st Ed 2540D",WATER,Ambient,None,21FLSJWM,"SJRWMD Laboratory Services","No secchi due to alligator",""
NCBMOSES,"Moses Creek on west side of US1 (upstm side)","Turbidity",ntu,82079,09/05/2018 08:02,4.90474843978882,,GRAB,.5,1.5,"EPA180.1 R2.0 1993",WATER,Ambient,None,21FLSJWM,"SJRWMD Laboratory Services","No secchi due to alligator",""
NCBMOSES,"Moses Creek on west side of US1 (upstm side)","Secchi",m,78,10/10/2018 07:46,.4,,GRAB,,,"DISTRICT FIELD SOP",FIELD DATA,Ambient,None,21FLSJWM,"SJRWMD Field Data","",""
NCBMOSES,"Moses Creek on west side of US1 (upstm side)","TSS",mg/L,530,10/10/2018 07:46,6,I,GRAB,2,8,"SM 21st Ed 2540D",WATER,Ambient,None,21FLSJWM,"SJRWMD Laboratory Services","",""
NCBMOSES,"Moses Creek on west side of US1 (upstm side)","Turbidity",ntu,82079,10/10/2018 07:46,5.38870716094971,,GRAB,.5,1.5,"EPA180.1 R2.0 1993",WATER,Ambient,None,21FLSJWM,"SJRWMD Laboratory Services","",""
NCBMOSES,"Moses Creek on west side of US1 (upstm side)","Secchi",m,78,11/08/2018 08:43,.5,S,GRAB,,,"DISTRICT FIELD SOP",FIELD DATA,Ambient,None,21FLSJWM,"SJRWMD Field Data","","Secchi Visible on Bottom"
NCBMOSES,"Moses Creek on west side of US1 (upstm side)","TSS",mg/L,530,11/08/2018 08:43,15.2,,GRAB,2,8,"SM 21st Ed 2540D",WATER,Ambient,None,21FLSJWM,"SJRWMD Laboratory Services","",""
NCBMOSES,"Moses Creek on west side of US1 (upstm side)","Turbidity",ntu,82079,11/08/2018 08:43,6.89028692245483,,GRAB,.5,1.5,"EPA180.1 R2.0 1993",WATER,Ambient,None,21FLSJWM,"SJRWMD Laboratory Services","","2151-11/13/2018 Analyst Initial;  Replicate Failure. Will reanalyze on the next available run.; 1228-1/7/2019: Rerun not performed. Insufficient sample for reanalysis. Report origional value of 6.89 with J qualifier."
NCBMOSES,"Moses Creek on west side of US1 (upstm side)","Secchi",m,78,12/10/2018 08:01,.3,,GRAB,,,"DISTRICT FIELD SOP",FIELD DATA,Ambient,None,21FLSJWM,"SJRWMD Field Data","",""
NCBMOSES,"Moses Creek on west side of US1 (upstm side)","TSS",mg/L,530,12/10/2018 08:01,2,T,GRAB,2,8,"SM 21st Ed 2540D",WATER,Ambient,None,21FLSJWM,"SJRWMD Laboratory Services","",""
NCBMOSES,"Moses Creek on west side of US1 (upstm side)","Turbidity",ntu,82079,12/10/2018 08:01,5.20529222488403,,GRAB,.5,1.5,"EPA180.1 R2.0 1993",WATER,Ambient,None,21FLSJWM,"SJRWMD Laboratory Services","",""
NCBMOSES,"Moses Creek on west side of US1 (upstm side)","Secchi",m,78,01/10/2019 07:46,.3,,P01,,,"DISTRICT FIELD SOP",FIELD DATA,Ambient,None,21FLSJWM,"SJRWMD Field Data","",""
NCBMOSES,"Moses Creek on west side of US1 (upstm side)","Secchi",m,78,01/10/2019 07:47,.3,,GRAB,,,"DISTRICT FIELD SOP",FIELD DATA,Ambient,None,21FLSJWM,"SJRWMD Field Data","",""
NCBMOSES,"Moses Creek on west side of US1 (upstm side)","TSS",mg/L,530,01/10/2019 07:47,2,T,GRAB,2,8,"SM 21st Ed 2540D",WATER,Ambient,None,21FLSJWM,"SJRWMD Laboratory Services","",""
NCBMOSES,"Moses Creek on west side of US1 (upstm side)","Turbidity",ntu,82079,01/10/2019 07:47,2.56660103797913,,GRAB,.5,1.5,"EPA180.1 R2.0 1993",WATER,Ambient,None,21FLSJWM,"SJRWMD Laboratory Services","",""
NCBMOSES,"Moses Creek on west side of US1 (upstm side)","Secchi",m,78,02/11/2019 08:20,.3,,GRAB,,,"DISTRICT FIELD SOP",FIELD DATA,Ambient,None,21FLSJWM,"SJRWMD Field Data","",""
NCBMOSES,"Moses Creek on west side of US1 (upstm side)","TSS",mg/L,530,02/11/2019 08:20,2.4,I,GRAB,2,8,"SM 21st Ed 2540D",WATER,Ambient,None,21FLSJWM,"SJRWMD Laboratory Services","",""
NCBMOSES,"Moses Creek on west side of US1 (upstm side)","Turbidity",ntu,82079,02/11/2019 08:20,3.80690908432007,,GRAB,.5,1.5,"EPA180.1 R2.0 1993",WATER,Ambient,None,21FLSJWM,"SJRWMD Laboratory Services","",""
NCBMOSES,"Moses Creek on west side of US1 (upstm side)","Secchi",m,78,03/07/2019 07:58,.4,,GRAB,,,"DISTRICT FIELD SOP",FIELD DATA,Ambient,None,21FLSJWM,"SJRWMD Field Data","",""
NCBMOSES,"Moses Creek on west side of US1 (upstm side)","TSS",mg/L,530,03/07/2019 07:58,2,T,GRAB,2,8,"SM 21st Ed 2540D",WATER,Ambient,None,21FLSJWM,"SJRWMD Laboratory Services","",""
NCBMOSES,"Moses Creek on west side of US1 (upstm side)","Turbidity",ntu,82079,03/07/2019 07:58,3.42832183837891,,GRAB,.5,1.5,"EPA180.1 R2.0 1993",WATER,Ambient,None,21FLSJWM,"SJRWMD Laboratory Services","",""
NCBMOSES,"Moses Creek on west side of US1 (upstm side)","Secchi",m,78,04/04/2019 09:22,.4,,GRAB,,,"DISTRICT FIELD SOP",FIELD DATA,Ambient,None,21FLSJWM,"SJRWMD Field Data","",""
NCBMOSES,"Moses Creek on west side of US1 (upstm side)","TSS",mg/L,530,04/04/2019 09:22,3.8,I,GRAB,2,8,"SM 21st Ed 2540D",WATER,Ambient,None,21FLSJWM,"SJRWMD Laboratory Services","",""
NCBMOSES,"Moses Creek on west side of US1 (upstm side)","Turbidity",ntu,82079,04/04/2019 09:22,6.33867740631104,,GRAB,.5,1.5,"EPA180.1 R2.0 1993",WATER,Ambient,None,21FLSJWM,"SJRWMD Laboratory Services","",""
NCBMOSES,"Moses Creek on west side of US1 (upstm side)","Secchi",m,78,05/08/2019 08:22,.4,,GRAB,,,"DISTRICT FIELD SOP",FIELD DATA,Ambient,None,21FLSJWM,"SJRWMD Field Data","",""
NCBMOSES,"Moses Creek on west side of US1 (upstm side)","TSS",mg/L,530,05/08/2019 08:22,2,I,GRAB,2,8,"SM 21st Ed 2540D",WATER,Ambient,None,21FLSJWM,"SJRWMD Laboratory Services","",""
NCBMOSES,"Moses Creek on west side of US1 (upstm side)","Turbidity",ntu,82079,05/08/2019 08:22,4.05462837219238,,GRAB,.5,1.5,"EPA180.1 R2.0 1993",WATER,Ambient,None,21FLSJWM,"SJRWMD Laboratory Services","",""
NCBMOSES,"Moses Creek on west side of US1 (upstm side)","Secchi",m,78,06/06/2019 07:57,.4,S,GRAB,,,"DISTRICT FIELD SOP",FIELD DATA,Ambient,None,21FLSJWM,"SJRWMD Field Data","Small area of oily sheen near collection site     Tried my best to avoid it using the Van Dorn","Secchi Visible on Bottom"
NCBMOSES,"Moses Creek on west side of US1 (upstm side)","TSS",mg/L,530,06/06/2019 07:57,3.2,I,GRAB,2,8,"SM 21st Ed 2540D",WATER,Ambient,None,21FLSJWM,"SJRWMD Laboratory Services","Small area of oily sheen near collection site     Tried my best to avoid it using the Van Dorn",""
NCBMOSES,"Moses Creek on west side of US1 (upstm side)","Turbidity",ntu,82079,06/06/2019 07:57,5.62874269485474,,GRAB,.5,1.5,"EPA180.1 R2.0 1993",WATER,Ambient,None,21FLSJWM,"SJRWMD Laboratory Services","Small area of oily sheen near collection site     Tried my best to avoid it using the Van Dorn",""
NCBMOSES,"Moses Creek on west side of US1 (upstm side)","TSS",mg/L,530,07/08/2019 08:22,2.8,I,GRAB,2,8,"SM 21st Ed 2540D",WATER,Ambient,None,21FLSJWM,"SJRWMD Laboratory Services","No Secchi collected from bridge",""
NCBMOSES,"Moses Creek on west side of US1 (upstm side)","Turbidity",ntu,82079,07/08/2019 08:22,3.87605929374695,,GRAB,.5,1.5,"EPA180.1 R2.0 1993",WATER,Ambient,None,21FLSJWM,"SJRWMD Laboratory Services","No Secchi collected from bridge",""
NCBMOSES,"Moses Creek on west side of US1 (upstm side)","TSS",mg/L,530,08/06/2019 07:33,3.4,I,GRAB,2,8,"SM 21st Ed 2540D",WATER,Ambient,None,21FLSJWM,"SJRWMD Laboratory Services","No Secchi collected from bridge",""
NCBMOSES,"Moses Creek on west side of US1 (upstm side)","Turbidity",ntu,82079,08/06/2019 07:33,5.86850690841675,,GRAB,.5,1.5,"EPA180.1 R2.0 1993",WATER,Ambient,None,21FLSJWM,"SJRWMD Laboratory Services","No Secchi collected from bridge",""
NCBMOSES,"Moses Creek on west side of US1 (upstm side)","Secchi",m,78,09/09/2019 08:05,.4,,GRAB,,,"DISTRICT FIELD SOP",FIELD DATA,Ambient,None,21FLSJWM,"SJRWMD Field Data","",""
NCBMOSES,"Moses Creek on west side of US1 (upstm side)","TSS",mg/L,530,09/09/2019 08:05,2,T,GRAB,2,8,"SM 22nd Ed 2540D",WATER,Ambient,None,21FLSJWM,"SJRWMD Laboratory Services","",""
NCBMOSES,"Moses Creek on west side of US1 (upstm side)","Turbidity",ntu,82079,09/09/2019 08:05,3.95034384727478,,GRAB,.5,1.5,"EPA180.1 R2.0 1993",WATER,Ambient,None,21FLSJWM,"SJRWMD Laboratory Services","",""
NCBMOSES,"Moses Creek on west side of US1 (upstm side)","Secchi",m,78,10/08/2019 11:30,.7,S,GRAB,,,"DISTRICT FIELD SOP",FIELD DATA,Ambient,None,21FLSJWM,"SJRWMD Field Data","","Secchi Visible on Bottom"
NCBMOSES,"Moses Creek on west side of US1 (upstm side)","TSS",mg/L,530,10/08/2019 11:30,2.8,I,GRAB,2,8,"SM 22nd Ed 2540D",WATER,Ambient,None,21FLSJWM,"SJRWMD Laboratory Services","",""
NCBMOSES,"Moses Creek on west side of US1 (upstm side)","Turbidity",ntu,82079,10/08/2019 11:30,3.16020154953003,,GRAB,.5,1.5,"EPA180.1 R2.0 1993",WATER,Ambient,None,21FLSJWM,"SJRWMD Laboratory Services","",""
NCBMOSES,"Moses Creek on west side of US1 (upstm side)","Secchi",m,78,11/06/2019 07:45,.5,,GRAB,,,"DISTRICT FIELD SOP",FIELD DATA,Ambient,None,21FLSJWM,"SJRWMD Field Data","",""
NCBMOSES,"Moses Creek on west side of US1 (upstm side)","TSS",mg/L,530,11/06/2019 07:45,3.6,I,GRAB,2,8,"SM 22nd Ed 2540D",WATER,Ambient,None,21FLSJWM,"SJRWMD Laboratory Services","",""
NCBMOSES,"Moses Creek on west side of US1 (upstm side)","Turbidity",ntu,82079,11/06/2019 07:45,4.40772581100464,,GRAB,.5,1.5,"EPA180.1 R2.0 1993",WATER,Ambient,None,21FLSJWM,"SJRWMD Laboratory Services","",""
NCBMOSES,"Moses Creek on west side of US1 (upstm side)","Secchi",m,78,12/04/2019 08:43,.6,S,GRAB,,,"DISTRICT FIELD SOP",FIELD DATA,Ambient,None,21FLSJWM,"SJRWMD Field Data","","Secchi Visible on Bottom"
NCBMOSES,"Moses Creek on west side of US1 (upstm side)","TSS",mg/L,530,12/04/2019 08:43,2,T,GRAB,2,8,"SM 22nd Ed 2540D",WATER,Ambient,None,21FLSJWM,"SJRWMD Laboratory Services","",""
NCBMOSES,"Moses Creek on west side of US1 (upstm side)","Turbidity",ntu,82079,12/04/2019 08:43,2.30798077583313,,GRAB,.5,1.5,"EPA180.1 R2.0 1993",WATER,Ambient,None,21FLSJWM,"SJRWMD Laboratory Services","",""
NCBMOSES,"Moses Creek on west side of US1 (upstm side)","Secchi",m,78,01/08/2020 08:25,.3,,GRAB,,,"DISTRICT FIELD SOP",FIELD DATA,Ambient,None,21FLSJWM,"SJRWMD Field Data","",""
NCBMOSES,"Moses Creek on west side of US1 (upstm side)","TSS",mg/L,530,01/08/2020 08:25,2.2,I,GRAB,2,8,"SM 22nd Ed 2540D",WATER,Ambient,None,21FLSJWM,"SJRWMD Laboratory Services","",""
NCBMOSES,"Moses Creek on west side of US1 (upstm side)","Turbidity",ntu,82079,01/08/2020 08:25,3.57809591293335,,GRAB,.5,1.5,"EPA180.1 R2.0 1993",WATER,Ambient,None,21FLSJWM,"SJRWMD Laboratory Services","",""
NCBMOSES,"Moses Creek on west side of US1 (upstm side)","Secchi",m,78,02/06/2020 09:06,.5,S,GRAB,,,"DISTRICT FIELD SOP",FIELD DATA,Ambient,None,21FLSJWM,"SJRWMD Field Data","","Secchi Visible on Bottom"
NCBMOSES,"Moses Creek on west side of US1 (upstm side)","TSS",mg/L,530,02/06/2020 09:06,4.4,I,GRAB,2,8,"SM 22nd Ed 2540D",WATER,Ambient,None,21FLSJWM,"SJRWMD Laboratory Services","",""
NCBMOSES,"Moses Creek on west side of US1 (upstm side)","Turbidity",ntu,82079,02/06/2020 09:06,3.83093428611755,,GRAB,.5,1.5,"EPA180.1 R2.0 1993",WATER,Ambient,None,21FLSJWM,"SJRWMD Laboratory Services","",""
NCBMOSES,"Moses Creek on west side of US1 (upstm side)","Secchi",m,78,04/06/2020 08:40,.35,S,GRAB,,,"DISTRICT FIELD SOP",FIELD DATA,Ambient,None,21FLSJWM,"SJRWMD Field Data","","Secchi Visible on Bottom"
NCBMOSES,"Moses Creek on west side of US1 (upstm side)","TSS",mg/L,530,04/06/2020 08:40,5,TQ,GRAB,5,20,"SM 22nd Ed 2540D",WATER,Ambient,None,21FLSJWM,"SJRWMD Laboratory Services","","3377-04/20/2020 Analyst Initial; Analyzed out of time frame due to instrument issues."
NCBMOSES,"Moses Creek on west side of US1 (upstm side)","Turbidity",ntu,82079,04/06/2020 08:40,3.78855729103088,,GRAB,.5,1.5,"EPA180.1 R2.0 1993",WATER,Ambient,None,21FLSJWM,"SJRWMD Laboratory Services","",""
NCBMOSES,"Moses Creek on west side of US1 (upstm side)","TSS",mg/L,530,09/02/2020 10:21,6.2,I,GRAB,2,8,"SM 22nd Ed 2540D",WATER,Ambient,None,21FLSJWM,"SJRWMD Laboratory Services","No Secchi collected from bridge",""
NCBMOSES,"Moses Creek on west side of US1 (upstm side)","Turbidity",ntu,82079,09/02/2020 10:21,1.78562033176422,,GRAB,.5,1.5,"EPA180.1 R2.0 1993",WATER,Ambient,None,21FLSJWM,"SJRWMD Laboratory Services","No Secchi collected from bridge",""
NCBMOSES,"Moses Creek on west side of US1 (upstm side)","TSS",mg/L,530,10/07/2020 10:43,2.6,I,GRAB,2,8,"SM 22nd Ed 2540D",WATER,Ambient,None,21FLSJWM,"SJRWMD Laboratory Services","No Secchi collected from bridge",""
NCBMOSES,"Moses Creek on west side of US1 (upstm side)","Turbidity",ntu,82079,10/07/2020 10:43,1.92034959793091,,GRAB,.5,1.5,"EPA180.1 R2.0 1993",WATER,Ambient,None,21FLSJWM,"SJRWMD Laboratory Services","No Secchi collected from bridge",""
NCBMOSES,"Moses Creek on west side of US1 (upstm side)","TSS",mg/L,530,11/02/2020 09:34,3,I,GRAB,2,8,"SM 22nd Ed 2540D",WATER,Ambient,None,21FLSJWM,"SJRWMD Laboratory Services","No Secchi collected from bridge",""
NCBMOSES,"Moses Creek on west side of US1 (upstm side)","Turbidity",ntu,82079,11/02/2020 09:34,3.32053470611572,,GRAB,.5,1.5,"EPA180.1 R2.0 1993",WATER,Ambient,None,21FLSJWM,"SJRWMD Laboratory Services","No Secchi collected from bridge",""
NCBMOSES,"Moses Creek on west side of US1 (upstm side)","Secchi",m,78,12/02/2020 10:10,.3,,GRAB,,,"DISTRICT FIELD SOP",FIELD DATA,Ambient,None,21FLSJWM,"SJRWMD Field Data","",""
NCBMOSES,"Moses Creek on west side of US1 (upstm side)","TSS",mg/L,530,12/02/2020 10:10,2,T,GRAB,2,8,"SM 22nd Ed 2540D",WATER,Ambient,None,21FLSJWM,"SJRWMD Laboratory Services","",""
NCBMOSES,"Moses Creek on west side of US1 (upstm side)","Turbidity",ntu,82079,12/02/2020 10:10,3.21347618103027,,GRAB,.5,1.5,"EPA180.1 R2.0 1993",WATER,Ambient,None,21FLSJWM,"SJRWMD Laboratory Services","",""
NCBMOSES,"Moses Creek on west side of US1 (upstm side)","Secchi",m,78,01/04/2021 09:30,.4,,GRAB,,,"DISTRICT FIELD SOP",FIELD DATA,Ambient,None,21FLSJWM,"SJRWMD Field Data","",""
NCBMOSES,"Moses Creek on west side of US1 (upstm side)","TSS",mg/L,530,01/04/2021 09:30,3.2,I,GRAB,2,8,"SM 22nd Ed 2540D",WATER,Ambient,None,21FLSJWM,"SJRWMD Laboratory Services","",""
NCBMOSES,"Moses Creek on west side of US1 (upstm side)","Turbidity",ntu,82079,01/04/2021 09:30,3.16238021850586,,GRAB,.5,1.5,"EPA180.1 R2.0 1993",WATER,Ambient,None,21FLSJWM,"SJRWMD Laboratory Services","",""
NCBMOSES,"Moses Creek on west side of US1 (upstm side)","Secchi",m,78,02/15/2021 09:05,.3,,P01,,,"DISTRICT FIELD SOP",FIELD DATA,Ambient,None,21FLSJWM,"SJRWMD Field Data","",""
NCBMOSES,"Moses Creek on west side of US1 (upstm side)","Secchi",m,78,02/15/2021 09:06,.3,,GRAB,,,"DISTRICT FIELD SOP",FIELD DATA,Ambient,None,21FLSJWM,"SJRWMD Field Data","",""
NCBMOSES,"Moses Creek on west side of US1 (upstm side)","TSS",mg/L,530,02/15/2021 09:06,2.6,I,GRAB,2,8,"SM 22nd Ed 2540D",WATER,Ambient,None,21FLSJWM,"SJRWMD Laboratory Services","",""
NCBMOSES,"Moses Creek on west side of US1 (upstm side)","Turbidity",ntu,82079,02/15/2021 09:06,5.16914510726929,,GRAB,.5,1.5,"EPA180.1 R2.0 1993",WATER,Ambient,None,21FLSJWM,"SJRWMD Laboratory Services","",""
NCBMOSES,"Moses Creek on west side of US1 (upstm side)","Secchi",m,78,03/02/2021 09:29,.2,,GRAB,,,"DISTRICT FIELD SOP",FIELD DATA,Ambient,None,21FLSJWM,"SJRWMD Field Data","",""
NCBMOSES,"Moses Creek on west side of US1 (upstm side)","TSS",mg/L,530,03/02/2021 09:29,4.8,I,GRAB,2,8,"SM 22nd Ed 2540D",WATER,Ambient,None,21FLSJWM,"SJRWMD Laboratory Services","",""
NCBMOSES,"Moses Creek on west side of US1 (upstm side)","Turbidity",ntu,82079,03/02/2021 09:29,5.2158350944519,,GRAB,.5,1.5,"EPA180.1 R2.0 1993",WATER,Ambient,None,21FLSJWM,"SJRWMD Laboratory Services","",""
NCBMOSES,"Moses Creek on west side of US1 (upstm side)","Secchi",m,78,04/20/2021 08:13,.4,,P01,,,"DISTRICT FIELD SOP",FIELD DATA,Ambient,None,21FLSJWM,"SJRWMD Field Data","",""
NCBMOSES,"Moses Creek on west side of US1 (upstm side)","Secchi",m,78,04/20/2021 08:14,.4,,GRAB,,,"DISTRICT FIELD SOP",FIELD DATA,Ambient,None,21FLSJWM,"SJRWMD Field Data","",""
NCBMOSES,"Moses Creek on west side of US1 (upstm side)","TSS",mg/L,530,04/20/2021 08:14,4,I,GRAB,4,8,"SM2540D",WATER,Ambient,None,21FLSJWM,"Advanced Environmental Laboratories (AEL)","","06/24/21 cfrysing:Updated contract lab qualifer(s) from (T) to (I)."
NCBMOSES,"Moses Creek on west side of US1 (upstm side)","Turbidity",ntu,82079,04/20/2021 08:14,2.26898860931396,,GRAB,.5,1.5,"EPA180.1 R2.0 1993",WATER,Ambient,None,21FLSJWM,"SJRWMD Laboratory Services","",""
NCBMOSES,"Moses Creek on west side of US1 (upstm side)","Secchi",m,78,05/03/2021 09:25,.2,,GRAB,,,"DISTRICT FIELD SOP",FIELD DATA,Ambient,None,21FLSJWM,"SJRWMD Field Data","",""
NCBMOSES,"Moses Creek on west side of US1 (upstm side)","TSS",mg/L,530,05/03/2021 09:25,4.8,I,GRAB,4,8,"SM2540D",WATER,Ambient,None,21FLSJWM,"Advanced Environmental Laboratories (AEL)","",""
NCBMOSES,"Moses Creek on west side of US1 (upstm side)","Turbidity",ntu,82079,05/03/2021 09:25,5.00815629959106,,GRAB,.5,1.5,"EPA180.1 R2.0 1993",WATER,Ambient,None,21FLSJWM,"SJRWMD Laboratory Services","",""
NCBMOSES,"Moses Creek on west side of US1 (upstm side)","Secchi",m,78,06/03/2021 08:53,.5,S,GRAB,,,"DISTRICT FIELD SOP",FIELD DATA,Ambient,None,21FLSJWM,"SJRWMD Field Data","","Secchi Visible on Bottom"
NCBMOSES,"Moses Creek on west side of US1 (upstm side)","TSS",mg/L,530,06/03/2021 08:53,4,I,GRAB,4,8,"SM2540D",WATER,Ambient,None,21FLSJWM,"Advanced Environmental Laboratories (AEL)","","07/26/21 cfrysing:Updated contract lab qualifer(s) from (T) to (I)."
NCBMOSES,"Moses Creek on west side of US1 (upstm side)","Turbidity",ntu,82079,06/03/2021 08:53,4.24103355407715,,GRAB,.5,1.5,"EPA180.1 R2.0 1993",WATER,Ambient,None,21FLSJWM,"SJRWMD Laboratory Services","",""
NCBMOSES,"Moses Creek on west side of US1 (upstm side)","Secchi",m,78,07/06/2021 08:02,.4,S,GRAB,,,"DISTRICT FIELD SOP",FIELD DATA,Ambient,None,21FLSJWM,"SJRWMD Field Data","","Secchi Visible on Bottom"
NCBMOSES,"Moses Creek on west side of US1 (upstm side)","TSS",mg/L,530,07/06/2021 08:02,2.8,I,GRAB,2,8,"SM 22nd Ed 2540D",WATER,Ambient,None,21FLSJWM,"SJRWMD Laboratory Services","",""
NCBMOSES,"Moses Creek on west side of US1 (upstm side)","Turbidity",ntu,82079,07/06/2021 08:02,3.61574625968933,Q,GRAB,.5,1.5,"EPA180.1 R2.0 1993",WATER,Ambient,None,21FLSJWM,"SJRWMD Laboratory Services","","3096-07/08/2021 Analyst Initial; Analyzed out of time frame 1851 101821"
NCBMOSES,"Moses Creek on west side of US1 (upstm side)","Secchi",m,78,08/02/2021 08:20,.2,,P01,,,"DISTRICT FIELD SOP",FIELD DATA,Ambient,None,21FLSJWM,"SJRWMD Field Data","",""
NCBMOSES,"Moses Creek on west side of US1 (upstm side)","Secchi",m,78,08/02/2021 08:22,.2,,GRAB,,,"DISTRICT FIELD SOP",FIELD DATA,Ambient,None,21FLSJWM,"SJRWMD Field Data","",""
NCBMOSES,"Moses Creek on west side of US1 (upstm side)","TSS",mg/L,530,08/02/2021 08:22,3.4,I,GRAB,2,8,"SM 22nd Ed 2540D",WATER,Ambient,None,21FLSJWM,"SJRWMD Laboratory Services","",""
NCBMOSES,"Moses Creek on west side of US1 (upstm side)","Turbidity",ntu,82079,08/02/2021 08:22,2.44208216667175,,GRAB,.5,1.5,"EPA180.1 R2.0 1993",WATER,Ambient,None,21FLSJWM,"SJRWMD Laboratory Services","",""
NCBMOSES,"Moses Creek on west side of US1 (upstm side)","Secchi",m,78,09/01/2021 07:59,.3,,GRAB,,,"DISTRICT FIELD SOP",FIELD DATA,Ambient,None,21FLSJWM,"SJRWMD Field Data","",""
NCBMOSES,"Moses Creek on west side of US1 (upstm side)","TSS",mg/L,530,09/01/2021 07:59,5,I,GRAB,2,8,"SM 22nd Ed 2540D",WATER,Ambient,None,21FLSJWM,"SJRWMD Laboratory Services","",""
NCBMOSES,"Moses Creek on west side of US1 (upstm side)","Turbidity",ntu,82079,09/01/2021 07:59,3.40681672096252,,GRAB,.5,1.5,"EPA180.1 R2.0 1993",WATER,Ambient,None,21FLSJWM,"SJRWMD Laboratory Services","",""
NCBMOSES,"Moses Creek on west side of US1 (upstm side)","Secchi",m,78,11/29/2021 08:06,.6,S,GRAB,,,"DISTRICT FIELD SOP",FIELD DATA,Ambient,None,21FLSJWM,"SJRWMD Field Data","","Secchi Visible on Bottom"
NCBMOSES,"Moses Creek on west side of US1 (upstm side)","TSS",mg/L,530,11/29/2021 08:06,2,T,GRAB,2,8,"SM 22nd Ed 2540D",WATER,Ambient,None,21FLSJWM,"SJRWMD Laboratory Services","",""
NCBMOSES,"Moses Creek on west side of US1 (upstm side)","Turbidity",ntu,82079,11/29/2021 08:06,1.53320980072021,,GRAB,.5,1.5,"SM 22nd Ed 2130B",WATER,Ambient,None,21FLSJWM,"SJRWMD Laboratory Services","",""
NCBMOSES,"Moses Creek on west side of US1 (upstm side)","TSS",mg/L,530,01/03/2022 08:34,2,T,GRAB,2,8,"SM 22nd Ed 2540D",WATER,Ambient,None,21FLSJWM,"SJRWMD Laboratory Services","No Secchi collected from bridge",""
NCBMOSES,"Moses Creek on west side of US1 (upstm side)","Turbidity",ntu,82079,01/03/2022 08:34,2.05276012420654,,GRAB,.5,1.5,"SM 22nd Ed 2130B",WATER,Ambient,None,21FLSJWM,"SJRWMD Laboratory Services","No Secchi collected from bridge",""
NCBMOSES,"Moses Creek on west side of US1 (upstm side)","Secchi",m,78,01/31/2022 08:38,.45,S,GRAB,,,"DISTRICT FIELD SOP",FIELD DATA,Ambient,None,21FLSJWM,"SJRWMD Field Data","","Secchi Visible on Bottom"
NCBMOSES,"Moses Creek on west side of US1 (upstm side)","TSS",mg/L,530,01/31/2022 08:38,2,T,GRAB,2,8,"SM 22nd Ed 2540D (Modified)",WATER,Ambient,None,21FLSJWM,"SJRWMD Laboratory Services","",""
NCBMOSES,"Moses Creek on west side of US1 (upstm side)","Turbidity",ntu,82079,01/31/2022 08:38,1.37772929668427,I,GRAB,.5,1.5,"SM 22nd Ed 2130B",WATER,Ambient,None,21FLSJWM,"SJRWMD Laboratory Services","",""
NCBMOSES,"Moses Creek on west side of US1 (upstm side)","Secchi",m,78,03/01/2022 09:04,.2,S,GRAB,,,"DISTRICT FIELD SOP",FIELD DATA,Ambient,None,21FLSJWM,"SJRWMD Field Data","","Secchi Visible on Bottom"
NCBMOSES,"Moses Creek on west side of US1 (upstm side)","TSS",mg/L,530,03/01/2022 09:04,10.4,,GRAB,2,8,"SM 22nd Ed 2540D (Modified)",WATER,Ambient,None,21FLSJWM,"SJRWMD Laboratory Services","",""
NCBMOSES,"Moses Creek on west side of US1 (upstm side)","Turbidity",ntu,82079,03/01/2022 09:04,5.13732957839966,,GRAB,.5,1.5,"SM 22nd Ed 2130B",WATER,Ambient,None,21FLSJWM,"SJRWMD Laboratory Services","",""
NCBMOSES,"Moses Creek on west side of US1 (upstm side)","TSS",mg/L,530,03/31/2022 08:39,4.8001,I,GRAB,2,8,"SM 22nd Ed 2540D (Modified)",WATER,Ambient,None,21FLSJWM,"SJRWMD Laboratory Services","No Secchi collected from bridge",""
NCBMOSES,"Moses Creek on west side of US1 (upstm side)","Turbidity",ntu,82079,03/31/2022 08:39,4.30091381072998,,GRAB,.5,1.5,"SM 22nd Ed 2130B",WATER,Ambient,None,21FLSJWM,"SJRWMD Laboratory Services","No Secchi collected from bridge",""
NCBMOSES,"Moses Creek on west side of US1 (upstm side)","Secchi",m,78,05/03/2022 08:14,.3,S,GRAB,,,"DISTRICT FIELD SOP",FIELD DATA,Ambient,None,21FLSJWM,"SJRWMD Field Data","","Secchi Visible on Bottom"
NCBMOSES,"Moses Creek on west side of US1 (upstm side)","TSS",mg/L,530,05/03/2022 08:14,41.5999,,GRAB,2,8,"SM 22nd Ed 2540D (Modified)",WATER,Ambient,None,21FLSJWM,"SJRWMD Laboratory Services","",""
NCBMOSES,"Moses Creek on west side of US1 (upstm side)","Turbidity",ntu,82079,05/03/2022 08:14,17.7378063201904,,GRAB,.5,1.5,"SM 22nd Ed 2130B",WATER,Ambient,None,21FLSJWM,"SJRWMD Laboratory Services","",""
NCBMOSES,"Moses Creek on west side of US1 (upstm side)","Secchi",m,78,06/01/2022 07:52,.5,S,P01,,,"DISTRICT FIELD SOP",FIELD DATA,Ambient,None,21FLSJWM,"SJRWMD Field Data","","Secchi Visible on Bottom"
NCBMOSES,"Moses Creek on west side of US1 (upstm side)","Secchi",m,78,06/01/2022 07:53,.5,S,GRAB,,,"DISTRICT FIELD SOP",FIELD DATA,Ambient,None,21FLSJWM,"SJRWMD Field Data","","Secchi Visible on Bottom"
NCBMOSES,"Moses Creek on west side of US1 (upstm side)","TSS",mg/L,530,06/01/2022 07:53,2.5998,I,GRAB,2,8,"SM 22nd Ed 2540D (Modified)",WATER,Ambient,None,21FLSJWM,"SJRWMD Laboratory Services","",""
NCBMOSES,"Moses Creek on west side of US1 (upstm side)","Turbidity",ntu,82079,06/01/2022 07:53,4.18450832366943,,GRAB,.5,1.5,"SM 22nd Ed 2130B",WATER,Ambient,None,21FLSJWM,"SJRWMD Laboratory Services","",""
NCBMOSES,"Moses Creek on west side of US1 (upstm side)","Secchi",m,78,07/05/2022 08:28,.5,S,GRAB,,,"DISTRICT FIELD SOP",FIELD DATA,Ambient,None,21FLSJWM,"SJRWMD Field Data","","Secchi Visible on Bottom"
NCBMOSES,"Moses Creek on west side of US1 (upstm side)","TSS",mg/L,530,07/05/2022 08:28,16,T,GRAB,16,32,"SM2540D",WATER,Ambient,None,21FLSJWM,"Advanced Environmental Laboratories (AEL)","",""
NCBMOSES,"Moses Creek on west side of US1 (upstm side)","Turbidity",ntu,82079,07/05/2022 08:28,3.13184976577759,,GRAB,.5,1.5,"SM 22nd Ed 2130B",WATER,Ambient,None,21FLSJWM,"SJRWMD Laboratory Services","",""
NCBMOSES,"Moses Creek on west side of US1 (upstm side)","Secchi",m,78,09/01/2022 08:28,.2,S,GRAB,,,"DISTRICT FIELD SOP",FIELD DATA,Ambient,None,21FLSJWM,"SJRWMD Field Data","","Secchi Visible on Bottom"
NCBMOSES,"Moses Creek on west side of US1 (upstm side)","TSS",mg/L,530,09/01/2022 08:28,16,T,GRAB,16,32,"SM2540D",WATER,Ambient,None,21FLSJWM,"Advanced Environmental Laboratories (AEL)","",""
NCBMOSES,"Moses Creek on west side of US1 (upstm side)","Turbidity",ntu,82079,09/01/2022 08:28,2.03123617172241,,GRAB,.5,2,"SM 22nd Ed 2130B",WATER,Ambient,None,21FLSJWM,"SJRWMD Laboratory Services","",""
NCBMOSES,"Moses Creek on west side of US1 (upstm side)","TSS",mg/L,530,10/06/2022 09:40,2,T,GRAB,2,8,"SM 22nd Ed 2540D (Modified)",WATER,Ambient,None,21FLSJWM,"SJRWMD Laboratory Services","No Secchi collected from bridge",""
NCBMOSES,"Moses Creek on west side of US1 (upstm side)","Turbidity",ntu,82079,10/06/2022 09:40,2.54046154022217,,GRAB,.5,2,"SM 22nd Ed 2130B",WATER,Ambient,None,21FLSJWM,"SJRWMD Laboratory Services","No Secchi collected from bridge",""
NCBMOSES,"Moses Creek on west side of US1 (upstm side)","Secchi",m,78,11/03/2022 08:20,.2,S,GRAB,,,"DISTRICT FIELD SOP",FIELD DATA,Ambient,None,21FLSJWM,"SJRWMD Field Data","","Secchi Visible on Bottom"
NCBMOSES,"Moses Creek on west side of US1 (upstm side)","TSS",mg/L,530,11/03/2022 08:20,16,T,GRAB,16,32,"SM2540D",WATER,Ambient,None,21FLSJWM,"Advanced Environmental Laboratories (AEL)","",""
NCBMOSES,"Moses Creek on west side of US1 (upstm side)","Turbidity",ntu,82079,11/03/2022 08:20,1.88768696784973,I,GRAB,.5,2,"SM 22nd Ed 2130B",WATER,Ambient,None,21FLSJWM,"SJRWMD Laboratory Services","",""
NCBMOSES,"Moses Creek on west side of US1 (upstm side)","TSS",mg/L,530,12/07/2022 08:19,16,T,GRAB,16,32,"SM2540D",WATER,Ambient,None,21FLSJWM,"Advanced Environmental Laboratories (AEL)","No Secchi collected from bridge",""
NCBMOSES,"Moses Creek on west side of US1 (upstm side)","Turbidity",ntu,82079,12/07/2022 08:19,2.09205293655396,,GRAB,.5,2,"SM 22nd Ed 2130B",WATER,Ambient,None,21FLSJWM,"SJRWMD Laboratory Services","No Secchi collected from bridge",""
NCBMOSES,"Moses Creek on west side of US1 (upstm side)","Secchi",m,78,01/04/2023 08:09,.2,S,GRAB,,,"DISTRICT FIELD SOP",FIELD DATA,Ambient,None,21FLSJWM,"SJRWMD Field Data","Geotech filter rinsed with 1L","Secchi Visible on Bottom"
NCBMOSES,"Moses Creek on west side of US1 (upstm side)","TSS",mg/L,530,01/04/2023 08:09,16,T,GRAB,16,32,"SM2540D",WATER,Ambient,None,21FLSJWM,"Advanced Environmental Laboratories (AEL)","Geotech filter rinsed with 1L",""
NCBMOSES,"Moses Creek on west side of US1 (upstm side)","Turbidity",ntu,82079,01/04/2023 08:09,1.50165069103241,I,GRAB,.5,2,"SM 22nd Ed 2130B",WATER,Ambient,None,21FLSJWM,"SJRWMD Laboratory Services","Geotech filter rinsed with 1L",""
NCBMOSES,"Moses Creek on west side of US1 (upstm side)","Secchi",m,78,02/06/2023 08:51,.2,S,GRAB,,,"DISTRICT FIELD SOP",FIELD DATA,Ambient,None,21FLSJWM,"SJRWMD Field Data","","Secchi Visible on Bottom"
NCBMOSES,"Moses Creek on west side of US1 (upstm side)","TSS",mg/L,530,02/06/2023 08:51,16,TQ,GRAB,16,32,"SM2540D",WATER,Ambient,None,21FLSJWM,"Advanced Environmental Laboratories (AEL)","","05/02/23 cfrysing: Contract lab analyzed samples outside of hold time."
NCBMOSES,"Moses Creek on west side of US1 (upstm side)","Turbidity",ntu,82079,02/06/2023 08:51,1.87904608249664,I,GRAB,.5,2,"SM 22nd Ed 2130B",WATER,Ambient,None,21FLSJWM,"SJRWMD Laboratory Services","",""
NCBMOSES,"Moses Creek on west side of US1 (upstm side)","Secchi",m,78,03/01/2023 07:55,.2,S,GRAB,,,"DISTRICT FIELD SOP",FIELD DATA,Ambient,None,21FLSJWM,"SJRWMD Field Data","Site too shallow for profile reading","Secchi Visible on Bottom"
NCBMOSES,"Moses Creek on west side of US1 (upstm side)","TSS",mg/L,530,03/01/2023 07:55,9.2502,I,GRAB,2.5,10,"SM 22nd Ed 2540D (Modified)",WATER,Ambient,None,21FLSJWM,"SJRWMD Laboratory Services","Site too shallow for profile reading",""
NCBMOSES,"Moses Creek on west side of US1 (upstm side)","Turbidity",ntu,82079,03/01/2023 07:55,5.5493,,GRAB,.5,2,"SM 22nd Ed 2130B",WATER,Ambient,None,21FLSJWM,"SJRWMD Laboratory Services","Site too shallow for profile reading",""
NCBMOSES,"Moses Creek on west side of US1 (upstm side)","Secchi",m,78,04/04/2023 08:15,.2,S,GRAB,,,"DISTRICT FIELD SOP",FIELD DATA,Ambient,None,21FLSJWM,"SJRWMD Field Data","","Secchi Visible on Bottom"
NCBMOSES,"Moses Creek on west side of US1 (upstm side)","TSS",mg/L,530,04/04/2023 08:15,11,,GRAB,2.5,10,"SM 22nd Ed 2540D (Modified)",WATER,Ambient,None,21FLSJWM,"SJRWMD Laboratory Services","",""
NCBMOSES,"Moses Creek on west side of US1 (upstm side)","Turbidity",ntu,82079,04/04/2023 08:15,7.8058,,GRAB,.5,2,"SM 22nd Ed 2130B",WATER,Ambient,None,21FLSJWM,"SJRWMD Laboratory Services","",""
NCBMOSES,"Moses Creek on west side of US1 (upstm side)","Secchi",m,78,05/04/2023 08:25,.3,S,GRAB,,,"DISTRICT FIELD SOP",FIELD DATA,Ambient,None,21FLSJWM,"SJRWMD Field Data","","Secchi Visible on Bottom"
NCBMOSES,"Moses Creek on west side of US1 (upstm side)","TSS",mg/L,530,05/04/2023 08:25,2,T,GRAB,2,8,"SM 22nd Ed 2540D (Modified)",WATER,Ambient,None,21FLSJWM,"SJRWMD Laboratory Services","",""
NCBMOSES,"Moses Creek on west side of US1 (upstm side)","Turbidity",ntu,82079,05/04/2023 08:25,2.2816,,GRAB,.5,2,"SM 22nd Ed 2130B",WATER,Ambient,None,21FLSJWM,"SJRWMD Laboratory Services","",""
NCBMOSES,"Moses Creek on west side of US1 (upstm side)","Secchi",m,78,06/05/2023 08:29,.3,S,GRAB,,,"DISTRICT FIELD SOP",FIELD DATA,Ambient,None,21FLSJWM,"SJRWMD Field Data","","Secchi Visible on Bottom"
NCBMOSES,"Moses Creek on west side of US1 (upstm side)","TSS",mg/L,530,06/05/2023 08:29,4.4998,I,GRAB,2.5,10,"SM 22nd Ed 2540D (Modified)",WATER,Ambient,None,21FLSJWM,"SJRWMD Laboratory Services","",""
NCBMOSES,"Moses Creek on west side of US1 (upstm side)","Turbidity",ntu,82079,06/05/2023 08:29,2.337,,GRAB,.5,2,"SM 22nd Ed 2130B",WATER,Ambient,None,21FLSJWM,"SJRWMD Laboratory Services","",""
NCBMOSES,"Moses Creek on west side of US1 (upstm side)","Secchi",m,78,07/05/2023 08:40,.3,S,GRAB,,,"DISTRICT FIELD SOP",FIELD DATA,Ambient,None,21FLSJWM,"SJRWMD Field Data","","Secchi Visible on Bottom"
NCBMOSES,"Moses Creek on west side of US1 (upstm side)","TSS",mg/L,530,07/05/2023 08:40,6.0002,I,GRAB,2.5,10,"SM 22nd Ed 2540D (Modified)",WATER,Ambient,None,21FLSJWM,"SJRWMD Laboratory Services","",""
NCBMOSES,"Moses Creek on west side of US1 (upstm side)","Turbidity",ntu,82079,07/05/2023 08:40,4.241,,GRAB,.5,2,"SM 22nd Ed 2130B",WATER,Ambient,None,21FLSJWM,"SJRWMD Laboratory Services","",""
NCBMOSES,"Moses Creek on west side of US1 (upstm side)","TSS",mg/L,530,08/07/2023 08:40,2.5,I,GRAB,2.5,10,"SM 22nd Ed 2540D (Modified)",WATER,Ambient,None,21FLSJWM,"SJRWMD Laboratory Services","No Secchi collected from bridge",""
NCBMOSES,"Moses Creek on west side of US1 (upstm side)","Turbidity",ntu,82079,08/07/2023 08:40,2.3066,,GRAB,.5,2,"SM 22nd Ed 2130B",WATER,Ambient,None,21FLSJWM,"SJRWMD Laboratory Services","No Secchi collected from bridge",""
NCBMOSES,"Moses Creek on west side of US1 (upstm side)","TSS",mg/L,530,09/07/2023 09:28,2,T,GRAB,2,8,"SM 2540 D-2015 (Modified)",WATER,Ambient,None,21FLSJWM,"SJRWMD Laboratory Services","No Secchi collected from bridge",""
NCBMOSES,"Moses Creek on west side of US1 (upstm side)","Turbidity",ntu,82079,09/07/2023 09:28,2.0735,,GRAB,.5,2,"SM 2130 B-2011",WATER,Ambient,None,21FLSJWM,"SJRWMD Laboratory Services","No Secchi collected from bridge",""
NCBMOSES,"Moses Creek on west side of US1 (upstm side)","TSS",mg/L,530,10/05/2023 08:32,2.5,T,GRAB,2.5,10,"SM 2540 D-2015 (Modified)",WATER,Ambient,None,21FLSJWM,"SJRWMD Laboratory Services","No Secchi collected from bridge",""
NCBMOSES,"Moses Creek on west side of US1 (upstm side)","Turbidity",ntu,82079,10/05/2023 08:32,1.043,I,GRAB,.5,2,"SM 2130 B-2011",WATER,Ambient,None,21FLSJWM,"SJRWMD Laboratory Services","No Secchi collected from bridge",""
NCBMOSES,"Moses Creek on west side of US1 (upstm side)","Secchi",m,78,11/06/2023 09:54,.7,S,P01,,,"DISTRICT FIELD SOP",FIELD DATA,Ambient,None,21FLSJWM,"SJRWMD Field Data","","Secchi Visible on Bottom"
NCBMOSES,"Moses Creek on west side of US1 (upstm side)","Secchi",m,78,11/06/2023 09:55,.7,S,GRAB,,,"DISTRICT FIELD SOP",FIELD DATA,Ambient,None,21FLSJWM,"SJRWMD Field Data","","Secchi Visible on Bottom"
NCBMOSES,"Moses Creek on west side of US1 (upstm side)","TSS",mg/L,530,11/06/2023 09:55,2.5,T,GRAB,2.5,10,"SM 2540 D-2015 (Modified)",WATER,Ambient,None,21FLSJWM,"SJRWMD Laboratory Services","",""
NCBMOSES,"Moses Creek on west side of US1 (upstm side)","Turbidity",ntu,82079,11/06/2023 09:55,1.967,I,GRAB,.5,2,"SM 2130 B-2011",WATER,Ambient,None,21FLSJWM,"SJRWMD Laboratory Services","",""
NCBMOSES,"Moses Creek on west side of US1 (upstm side)","TSS",mg/L,530,12/11/2023 08:29,2.5,T,GRAB,2.5,10,"SM 2540 D-2015 (Modified)",WATER,Ambient,None,21FLSJWM,"SJRWMD Laboratory Services","No Secchi collected from bridge",""
NCBMOSES,"Moses Creek on west side of US1 (upstm side)","Turbidity",ntu,82079,12/11/2023 08:29,1.9003,I,GRAB,.5,2,"SM 2130 B-2011",WATER,Ambient,None,21FLSJWM,"SJRWMD Laboratory Services","No Secchi collected from bridge",""
NCBMOSES,"Moses Creek on west side of US1 (upstm side)","TSS",mg/L,530,01/09/2024 08:08,2,T,GRAB,2,8,"SM 2540 D-2015 (Modified)",WATER,Ambient,None,21FLSJWM,"SJRWMD Laboratory Services","No Secchi collected from bridge. No bottom reading taken",""
NCBMOSES,"Moses Creek on west side of US1 (upstm side)","Turbidity",ntu,82079,01/09/2024 08:08,3.8235,,GRAB,.5,2,"SM 2130 B-2011",WATER,Ambient,None,21FLSJWM,"SJRWMD Laboratory Services","No Secchi collected from bridge. No bottom reading taken",""
NCBMOSES,"Moses Creek on west side of US1 (upstm side)","TSS",mg/L,530,02/12/2024 08:53,5,T,GRAB,5,10,"SM2540D",WATER,Ambient,None,21FLSJWM,"Advanced Environmental Laboratories (AEL)","No Secchi collected from bridge","03/28/24 cfrysing:Updated contract lab qualifer(s) from () to (T)."
NCBMOSES,"Moses Creek on west side of US1 (upstm side)","Turbidity",ntu,82079,02/12/2024 08:53,2.0925,,GRAB,.5,2,"SM 2130 B-2011",WATER,Ambient,None,21FLSJWM,"SJRWMD Laboratory Services","No Secchi collected from bridge",""
NCBMOSES,"Moses Creek on west side of US1 (upstm side)","TSS",mg/L,530,03/12/2024 07:49,5,T,GRAB,5,10,"SM2540D",WATER,Ambient,None,21FLSJWM,"Advanced Environmental Laboratories (AEL)","No Secchi collected from bridge","05/30/24 cfrysing:Updated contract lab qualifer(s) from () to (T)."
NCBMOSES,"Moses Creek on west side of US1 (upstm side)","Turbidity",ntu,82079,03/12/2024 07:49,5.0697,Q,GRAB,.5,2,"SM 2130 B-2011",WATER,Ambient,None,21FLSJWM,"SJRWMD Laboratory Services","No Secchi collected from bridge","3581-04/02/2024 Analyst Initial;  Analyzed out of time due to QC failure during initial analysis.  : 3581-04/04/2024 Analyst Initial;  Analyzed out of timeframe due to QC failure"
NCBMOSES,"Moses Creek on west side of US1 (upstm side)","Secchi",m,78,04/09/2024 08:32,.5,S,GRAB,,,"DISTRICT FIELD SOP",FIELD DATA,Ambient,None,21FLSJWM,"SJRWMD Field Data","","Secchi Visible on Bottom"
NCBMOSES,"Moses Creek on west side of US1 (upstm side)","TSS",mg/L,530,04/09/2024 08:32,10,T,GRAB,10,20,"SM2540D",WATER,Ambient,None,21FLSJWM,"Advanced Environmental Laboratories (AEL)","",""
NCBMOSES,"Moses Creek on west side of US1 (upstm side)","Turbidity",ntu,82079,04/09/2024 08:32,1.5773,I,GRAB,.5,2,"SM 2130 B-2011",WATER,Ambient,None,21FLSJWM,"SJRWMD Laboratory Services","",""
NCBMOSES,"Moses Creek on west side of US1 (upstm side)","TSS",mg/L,530,08/15/2024 08:21,2.5,T,GRAB,2.5,10,"SM 2540 D-2015 (Modified)",WATER,Ambient,None,21FLSJWM,"SJRWMD Laboratory Services","No Secchi collected from bridge : No Secchi collected from bridge; Grab sample taken at 0.51 instead of 0.35 due to sampler error",""
NCBMOSES,"Moses Creek on west side of US1 (upstm side)","Turbidity",ntu,82079,08/15/2024 08:21,2.8003,,GRAB,.5,2,"SM 2130 B-2011",WATER,Ambient,None,21FLSJWM,"SJRWMD Laboratory Services","No Secchi collected from bridge : No Secchi collected from bridge; Grab sample taken at 0.51 instead of 0.35 due to sampler error",""
NCBMOSES,"Moses Creek on west side of US1 (upstm side)","TSS",mg/L,530,09/18/2024 08:22,2.5,T,GRAB,2.5,10,"SM 2540 D-2015 (Modified)",WATER,Ambient,None,21FLSJWM,"SJRWMD Laboratory Services","No Secchi collected from bridge",""
NCBMOSES,"Moses Creek on west side of US1 (upstm side)","Turbidity",ntu,82079,09/18/2024 08:22,.8882,I,GRAB,.5,2,"SM 2130 B-2011",WATER,Ambient,None,21FLSJWM,"SJRWMD Laboratory Services","No Secchi collected from bridge",""
NCBMOSES,"Moses Creek on west side of US1 (upstm side)","TSS",mg/L,530,10/16/2024 08:39,2.5,T,GRAB,2.5,10,"SM 2540 D-2015 (Modified)",WATER,Ambient,None,21FLSJWM,"SJRWMD Laboratory Services","No Secchi collected from bridge.",""
NCBMOSES,"Moses Creek on west side of US1 (upstm side)","Turbidity",ntu,82079,10/16/2024 08:39,.5,T,GRAB,.5,2,"SM 2130 B-2011",WATER,Ambient,None,21FLSJWM,"SJRWMD Laboratory Services","No Secchi collected from bridge.",""
NCBMOSES,"Moses Creek on west side of US1 (upstm side)","TSS",mg/L,530,11/19/2024 08:33,2.5002,I,GRAB,2.5,10,"SM 2540 D-2015 (Modified)",WATER,Ambient,None,21FLSJWM,"SJRWMD Laboratory Services","No Secchi collected from bridge. Low conductivity and salinity potentially due to probe malfunction.",""
NCBMOSES,"Moses Creek on west side of US1 (upstm side)","Turbidity",ntu,82079,11/19/2024 08:33,2.4687,,GRAB,.5,2,"SM 2130 B-2011",WATER,Ambient,None,21FLSJWM,"SJRWMD Laboratory Services","No Secchi collected from bridge. Low conductivity and salinity potentially due to probe malfunction.",""
NCBMOSES,"Moses Creek on west side of US1 (upstm side)","TSS",mg/L,530,12/19/2024 08:43,4.7503,I,GRAB,2.5,10,"SM 2540 D-2015 (Modified)",WATER,Ambient,None,21FLSJWM,"SJRWMD Laboratory Services","No Secchi collected from bridge",""
NCBMOSES,"Moses Creek on west side of US1 (upstm side)","Turbidity",ntu,82079,12/19/2024 08:43,1.4783,I,GRAB,.5,2,"SM 2130 B-2011",WATER,Ambient,None,21FLSJWM,"SJRWMD Laboratory Services","No Secchi collected from bridge",""
NCBMOSES,"Moses Creek on west side of US1 (upstm side)","Secchi",m,78,01/16/2025 08:53,.7,S,P01,,,"DISTRICT FIELD SOP",FIELD DATA,Ambient,None,21FLSJWM,"SJRWMD Field Data","","Secchi Visible on Bottom"
NCBMOSES,"Moses Creek on west side of US1 (upstm side)","Secchi",m,78,01/16/2025 08:54,.7,S,GRAB,,,"DISTRICT FIELD SOP",FIELD DATA,Ambient,None,21FLSJWM,"SJRWMD Field Data","","Secchi Visible on Bottom"
NCBMOSES,"Moses Creek on west side of US1 (upstm side)","TSS",mg/L,530,01/16/2025 08:54,2.5,T,GRAB,2.5,10,"SM 2540 D-2015 (Modified)",WATER,Ambient,None,21FLSJWM,"SJRWMD Laboratory Services","",""
NCBMOSES,"Moses Creek on west side of US1 (upstm side)","Turbidity",ntu,82079,01/16/2025 08:54,2.0503,,GRAB,.5,2,"SM 2130 B-2011",WATER,Ambient,None,21FLSJWM,"SJRWMD Laboratory Services","",""

